Window boundary (position in B.FR.83.HXB2_LAI_IIIB_BRU.K03455),Position in 200724_20-08518_HIV10-02405_FL24_S14_L000 ref,Position in 200709_20-07994_HIV07-01067_FL21_S1_L000 ref,Position in 200703_20-07825_HIV09-00618_FL18_S6_L000 ref,Position in 200814_20-09728_HIV09-02843_FL30_S2_L000 ref,Position in 200724_20-08522_HIV11-02415_FL24_S18_L000 ref
520,520,520,520,520,520
770,772,770,770,772,769
530,530,530,530,530,530
780,782,780,780,782,779
540,540,540,540,540,540
790,792,790,790,792,788
550,550,550,550,550,550
800,802,800,800,802,798
560,560,560,560,560,560
810,812,810,810,812,808
570,570,570,570,570,570
820,822,820,820,822,818
580,580,580,580,580,580
830,832,830,830,832,828
590,590,590,590,590,590
840,842,840,840,842,838
600,600,600,600,600,600
850,852,850,850,852,848
610,610,610,609,610,610
860,862,860,860,862,858
620,620,620,619,620,620
870,872,870,870,872,868
630,630,630,629,630,630
880,882,880,880,882,878
640,640,640,639,640,640
890,892,890,890,892,888
650,650,650,649,650,650
900,902,900,900,902,898
660,660,660,659,660,660
910,912,910,910,912,908
670,670,670,669,670,670
920,922,920,920,922,918
680,680,680,679,680,680
930,932,930,930,932,928
690,690,690,689,690,690
940,942,940,940,942,938
700,700,700,699,700,700
950,952,950,950,952,948
710,710,710,709,710,710
960,962,960,960,962,958
720,720,720,719,720,720
970,972,970,970,972,968
730,730,730,729,730,730
980,982,980,980,982,978
740,740,740,739,740,740
990,992,990,990,992,988
750,750,750,749,750,750
1000,1002,1000,1000,1002,998
760,762,760,760,760,759
1010,1012,1010,1010,1012,1008
770,772,770,770,772,769
1020,1022,1020,1020,1022,1018
780,782,780,780,782,779
1030,1032,1030,1030,1032,1028
790,792,790,790,792,788
1040,1042,1040,1040,1042,1038
800,802,800,800,802,798
1050,1052,1050,1050,1052,1048
810,812,810,810,812,808
1060,1062,1060,1060,1062,1058
820,822,820,820,822,818
1070,1072,1070,1070,1072,1068
830,832,830,830,832,828
1080,1082,1080,1080,1082,1078
840,842,840,840,842,838
1090,1092,1090,1090,1092,1088
850,852,850,850,852,848
1100,1102,1100,1100,1102,1098
860,862,860,860,862,858
1110,1112,1110,1110,1112,1108
870,872,870,870,872,868
1120,1122,1120,1120,1122,1118
880,882,880,880,882,878
1130,1132,1130,1130,1132,1128
890,892,890,890,892,888
1140,1142,1140,1140,1142,1138
900,902,900,900,902,898
1150,1161,1150,1150,1152,1148
910,912,910,910,912,908
1160,1171,1160,1160,1162,1158
920,922,920,920,922,918
1170,1181,1170,1173,1172,1168
930,932,930,930,932,928
1180,1191,1180,1183,1182,1178
940,942,940,940,942,938
1190,1201,1190,1193,1192,1188
950,952,950,950,952,948
1200,1211,1200,1203,1202,1198
960,962,960,960,962,958
1210,1221,1210,1213,1212,1208
970,972,970,970,972,968
1220,1231,1220,1223,1222,1218
980,982,980,980,982,978
1230,1241,1230,1233,1232,1228
990,992,990,990,992,988
1240,1251,1240,1243,1242,1238
1000,1002,1000,1000,1002,998
1250,1261,1250,1253,1252,1248
1010,1012,1010,1010,1012,1008
1260,1271,1260,1263,1262,1258
1020,1022,1020,1020,1022,1018
1270,1281,1270,1273,1272,1268
1030,1032,1030,1030,1032,1028
1280,1291,1280,1283,1282,1278
1040,1042,1040,1040,1042,1038
1290,1301,1290,1293,1292,1288
1050,1052,1050,1050,1052,1048
1300,1311,1300,1303,1302,1298
1060,1062,1060,1060,1062,1058
1310,1321,1310,1313,1312,1308
1070,1072,1070,1070,1072,1068
1320,1331,1320,1323,1322,1318
1080,1082,1080,1080,1082,1078
1330,1341,1330,1333,1332,1328
1090,1092,1090,1090,1092,1088
1340,1351,1340,1343,1342,1338
1100,1102,1100,1100,1102,1098
1350,1361,1350,1353,1352,1348
1110,1112,1110,1110,1112,1108
1360,1371,1360,1363,1362,1358
1120,1122,1120,1120,1122,1118
1370,1381,1370,1373,1372,1368
1130,1132,1130,1130,1132,1128
1380,1391,1380,1383,1382,1378
1140,1142,1140,1140,1142,1138
1390,1401,1390,1393,1392,1388
1150,1161,1150,1150,1152,1148
1400,1411,1400,1403,1402,1398
1160,1171,1160,1160,1162,1158
1410,1421,1410,1413,1412,1408
1170,1181,1170,1173,1172,1168
1420,1431,1420,1423,1422,1418
1180,1191,1180,1183,1182,1178
1430,1441,1430,1433,1432,1428
1190,1201,1190,1193,1192,1188
1440,1451,1440,1443,1442,1438
1200,1211,1200,1203,1202,1198
1450,1461,1450,1453,1452,1448
1210,1221,1210,1213,1212,1208
1460,1471,1460,1463,1462,1458
1220,1231,1220,1223,1222,1218
1470,1481,1470,1473,1472,1468
1230,1241,1230,1233,1232,1228
1480,1491,1480,1483,1482,1478
1240,1251,1240,1243,1242,1238
1490,1501,1490,1493,1492,1488
1250,1261,1250,1253,1252,1248
1500,1511,1500,1503,1502,1498
1260,1271,1260,1263,1262,1258
1510,1521,1510,1513,1512,1508
1270,1281,1270,1273,1272,1268
1520,1531,1520,1523,1522,1518
1280,1291,1280,1283,1282,1278
1530,1541,1530,1533,1532,1528
1290,1301,1290,1293,1292,1288
1540,1551,1540,1543,1542,1538
1300,1311,1300,1303,1302,1298
1550,1561,1550,1553,1552,1548
1310,1321,1310,1313,1312,1308
1560,1571,1560,1563,1562,1558
1320,1331,1320,1323,1322,1318
1570,1581,1570,1573,1572,1568
1330,1341,1330,1333,1332,1328
1580,1591,1580,1583,1582,1578
1340,1351,1340,1343,1342,1338
1590,1601,1590,1593,1592,1588
1350,1361,1350,1353,1352,1348
1600,1611,1600,1603,1602,1598
1360,1371,1360,1363,1362,1358
1610,1621,1610,1613,1612,1608
1370,1381,1370,1373,1372,1368
1620,1631,1620,1623,1622,1618
1380,1391,1380,1383,1382,1378
1630,1641,1630,1633,1632,1628
1390,1401,1390,1393,1392,1388
1640,1651,1640,1643,1642,1638
1400,1411,1400,1403,1402,1398
1650,1661,1650,1653,1652,1648
1410,1421,1410,1413,1412,1408
1660,1671,1660,1663,1662,1658
1420,1431,1420,1423,1422,1418
1670,1681,1670,1673,1672,1668
1430,1441,1430,1433,1432,1428
1680,1691,1680,1683,1682,1678
1440,1451,1440,1443,1442,1438
1690,1701,1690,1693,1692,1688
1450,1461,1450,1453,1452,1448
1700,1711,1700,1703,1702,1698
1460,1471,1460,1463,1462,1458
1710,1721,1710,1713,1712,1708
1470,1481,1470,1473,1472,1468
1720,1731,1720,1723,1722,1718
1480,1491,1480,1483,1482,1478
1730,1741,1730,1733,1732,1728
1490,1501,1490,1493,1492,1488
1740,1751,1740,1743,1742,1738
1500,1511,1500,1503,1502,1498
1750,1761,1750,1753,1752,1748
1510,1521,1510,1513,1512,1508
1760,1771,1760,1763,1762,1758
1520,1531,1520,1523,1522,1518
1770,1781,1770,1773,1772,1768
1530,1541,1530,1533,1532,1528
1780,1791,1780,1783,1782,1778
1540,1551,1540,1543,1542,1538
1790,1801,1790,1793,1792,1788
1550,1561,1550,1553,1552,1548
1800,1811,1800,1803,1802,1798
1560,1571,1560,1563,1562,1558
1810,1821,1810,1813,1812,1808
1570,1581,1570,1573,1572,1568
1820,1831,1820,1823,1822,1818
1580,1591,1580,1583,1582,1578
1830,1841,1830,1833,1832,1828
1590,1601,1590,1593,1592,1588
1840,1851,1840,1843,1842,1838
1600,1611,1600,1603,1602,1598
1850,1861,1850,1853,1852,1848
1610,1621,1610,1613,1612,1608
1860,1871,1860,1863,1862,1858
1620,1631,1620,1623,1622,1618
1870,1881,1870,1873,1872,1868
1630,1641,1630,1633,1632,1628
1880,1891,1880,1883,1882,1878
1640,1651,1640,1643,1642,1638
1890,1901,1890,1893,1892,1888
1650,1661,1650,1653,1652,1648
1900,1911,1900,1903,1902,1898
1660,1671,1660,1663,1662,1658
1910,1921,1910,1913,1912,1905
1670,1681,1670,1673,1672,1668
1920,1931,1920,1923,1922,1915
1680,1691,1680,1683,1682,1678
1930,1941,1930,1933,1932,1925
1690,1701,1690,1693,1692,1688
1940,1951,1940,1943,1942,1935
1700,1711,1700,1703,1702,1698
1950,1961,1950,1953,1952,1945
1710,1721,1710,1713,1712,1708
1960,1971,1960,1963,1962,1955
1720,1731,1720,1723,1722,1718
1970,1981,1970,1973,1972,1965
1730,1741,1730,1733,1732,1728
1980,1991,1980,1983,1982,1975
1740,1751,1740,1743,1742,1738
1990,2001,1990,1993,1992,1985
1750,1761,1750,1753,1752,1748
2000,2011,2000,2003,2002,1995
1760,1771,1760,1763,1762,1758
2010,2021,2010,2013,2012,2005
1770,1781,1770,1773,1772,1768
2020,2031,2020,2023,2022,2015
1780,1791,1780,1783,1782,1778
2030,2041,2030,2033,2032,2025
1790,1801,1790,1793,1792,1788
2040,2051,2040,2043,2042,2035
1800,1811,1800,1803,1802,1798
2050,2061,2050,2053,2052,2045
1810,1821,1810,1813,1812,1808
2060,2071,2060,2063,2062,2055
1820,1831,1820,1823,1822,1818
2070,2081,2070,2073,2072,2065
1830,1841,1830,1833,1832,1828
2080,2091,2080,2083,2082,2075
1840,1851,1840,1843,1842,1838
2090,2101,2090,2093,2092,2085
1850,1861,1850,1853,1852,1848
2100,2111,2100,2103,2102,2095
1860,1871,1860,1863,1862,1858
2110,2121,2110,2113,2112,2105
1870,1881,1870,1873,1872,1868
2120,2131,2120,2123,2122,2115
1880,1891,1880,1883,1882,1878
2130,2141,2130,2133,2132,2125
1890,1901,1890,1893,1892,1888
2140,2151,2140,2143,2142,2135
1900,1911,1900,1903,1902,1898
2150,2161,2150,2171,2152,2145
1910,1921,1910,1913,1912,1905
2160,2171,2160,2181,2162,2155
1920,1931,1920,1923,1922,1915
2170,2181,2170,2191,2172,2165
1930,1941,1930,1933,1932,1925
2180,2191,2180,2201,2182,2175
1940,1951,1940,1943,1942,1935
2190,2201,2190,2211,2192,2185
1950,1961,1950,1953,1952,1945
2200,2211,2200,2221,2202,2195
1960,1971,1960,1963,1962,1955
2210,2221,2210,2231,2212,2205
1970,1981,1970,1973,1972,1965
2220,2231,2220,2241,2222,2215
1980,1991,1980,1983,1982,1975
2230,2241,2230,2251,2232,2225
1990,2001,1990,1993,1992,1985
2240,2251,2240,2261,2242,2235
2000,2011,2000,2003,2002,1995
2250,2261,2250,2271,2252,2245
2010,2021,2010,2013,2012,2005
2260,2271,2260,2281,2262,2255
2020,2031,2020,2023,2022,2015
2270,2281,2270,2291,2272,2265
2030,2041,2030,2033,2032,2025
2280,2291,2280,2301,2282,2275
2040,2051,2040,2043,2042,2035
2290,2301,2290,2311,2292,2285
2050,2061,2050,2053,2052,2045
2300,2311,2300,2321,2302,2295
2060,2071,2060,2063,2062,2055
2310,2321,2310,2331,2312,2305
2070,2081,2070,2073,2072,2065
2320,2331,2320,2341,2322,2315
2080,2091,2080,2083,2082,2075
2330,2341,2330,2351,2332,2325
2090,2101,2090,2093,2092,2085
2340,2351,2340,2361,2342,2335
2100,2111,2100,2103,2102,2095
2350,2361,2350,2371,2352,2345
2110,2121,2110,2113,2112,2105
2360,2371,2360,2381,2362,2355
2120,2131,2120,2123,2122,2115
2370,2381,2370,2391,2372,2365
2130,2141,2130,2133,2132,2125
2380,2391,2380,2401,2382,2375
2140,2151,2140,2143,2142,2135
2390,2401,2390,2411,2392,2385
2150,2161,2150,2171,2152,2145
2400,2411,2400,2421,2402,2395
2160,2171,2160,2181,2162,2155
2410,2421,2410,2431,2412,2405
2170,2181,2170,2191,2172,2165
2420,2431,2420,2441,2422,2415
2180,2191,2180,2201,2182,2175
2430,2441,2430,2451,2432,2425
2190,2201,2190,2211,2192,2185
2440,2451,2440,2461,2442,2435
2200,2211,2200,2221,2202,2195
2450,2461,2450,2471,2452,2445
2210,2221,2210,2231,2212,2205
2460,2471,2460,2481,2462,2455
2220,2231,2220,2241,2222,2215
2470,2481,2470,2491,2472,2465
2230,2241,2230,2251,2232,2225
2480,2491,2480,2501,2482,2475
2240,2251,2240,2261,2242,2235
2490,2501,2490,2511,2492,2485
2250,2261,2250,2271,2252,2245
2500,2511,2500,2521,2502,2495
2260,2271,2260,2281,2262,2255
2510,2521,2510,2531,2512,2505
2270,2281,2270,2291,2272,2265
2520,2531,2520,2541,2522,2515
2280,2291,2280,2301,2282,2275
2530,2541,2530,2551,2532,2525
2290,2301,2290,2311,2292,2285
2540,2551,2540,2561,2542,2535
2300,2311,2300,2321,2302,2295
2550,2561,2550,2571,2552,2545
2310,2321,2310,2331,2312,2305
2560,2571,2560,2581,2562,2555
2320,2331,2320,2341,2322,2315
2570,2581,2570,2591,2572,2565
2330,2341,2330,2351,2332,2325
2580,2591,2580,2601,2582,2575
2340,2351,2340,2361,2342,2335
2590,2601,2590,2611,2592,2585
2350,2361,2350,2371,2352,2345
2600,2611,2600,2621,2602,2595
2360,2371,2360,2381,2362,2355
2610,2621,2610,2631,2612,2605
2370,2381,2370,2391,2372,2365
2620,2631,2620,2641,2622,2615
2380,2391,2380,2401,2382,2375
2630,2641,2630,2651,2632,2625
2390,2401,2390,2411,2392,2385
2640,2651,2640,2661,2642,2635
2400,2411,2400,2421,2402,2395
2650,2661,2650,2671,2652,2645
2410,2421,2410,2431,2412,2405
2660,2671,2660,2681,2662,2655
2420,2431,2420,2441,2422,2415
2670,2681,2670,2691,2672,2665
2430,2441,2430,2451,2432,2425
2680,2691,2680,2701,2682,2675
2440,2451,2440,2461,2442,2435
2690,2701,2690,2711,2692,2685
2450,2461,2450,2471,2452,2445
2700,2711,2700,2721,2702,2695
2460,2471,2460,2481,2462,2455
2710,2721,2710,2731,2712,2705
2470,2481,2470,2491,2472,2465
2720,2731,2720,2741,2722,2715
2480,2491,2480,2501,2482,2475
2730,2741,2730,2751,2732,2725
2490,2501,2490,2511,2492,2485
2740,2751,2740,2761,2742,2735
2500,2511,2500,2521,2502,2495
2750,2761,2750,2771,2752,2745
2510,2521,2510,2531,2512,2505
2760,2771,2760,2781,2762,2755
2520,2531,2520,2541,2522,2515
2770,2781,2770,2791,2772,2765
2530,2541,2530,2551,2532,2525
2780,2791,2780,2801,2782,2775
2540,2551,2540,2561,2542,2535
2790,2801,2790,2811,2792,2785
2550,2561,2550,2571,2552,2545
2800,2811,2800,2821,2802,2795
2560,2571,2560,2581,2562,2555
2810,2821,2810,2831,2812,2805
2570,2581,2570,2591,2572,2565
2820,2831,2820,2841,2822,2815
2580,2591,2580,2601,2582,2575
2830,2841,2830,2851,2832,2825
2590,2601,2590,2611,2592,2585
2840,2851,2840,2861,2842,2835
2600,2611,2600,2621,2602,2595
2850,2861,2850,2871,2852,2845
2610,2621,2610,2631,2612,2605
2860,2871,2860,2881,2862,2855
2620,2631,2620,2641,2622,2615
2870,2881,2870,2891,2872,2865
2630,2641,2630,2651,2632,2625
2880,2891,2880,2901,2882,2875
2640,2651,2640,2661,2642,2635
2890,2901,2890,2911,2892,2885
2650,2661,2650,2671,2652,2645
2900,2911,2900,2921,2902,2895
2660,2671,2660,2681,2662,2655
2910,2921,2910,2931,2912,2905
2670,2681,2670,2691,2672,2665
2920,2931,2920,2941,2922,2915
2680,2691,2680,2701,2682,2675
2930,2941,2930,2951,2932,2925
2690,2701,2690,2711,2692,2685
2940,2951,2940,2961,2942,2935
2700,2711,2700,2721,2702,2695
2950,2961,2950,2971,2952,2945
2710,2721,2710,2731,2712,2705
2960,2971,2960,2981,2962,2955
2720,2731,2720,2741,2722,2715
2970,2981,2970,2991,2972,2965
2730,2741,2730,2751,2732,2725
2980,2991,2980,3001,2982,2975
2740,2751,2740,2761,2742,2735
2990,3001,2990,3011,2992,2985
2750,2761,2750,2771,2752,2745
3000,3011,3000,3021,3002,2995
2760,2771,2760,2781,2762,2755
3010,3021,3010,3031,3012,3005
2770,2781,2770,2791,2772,2765
3020,3031,3020,3041,3022,3015
2780,2791,2780,2801,2782,2775
3030,3041,3030,3051,3032,3025
2790,2801,2790,2811,2792,2785
3040,3051,3040,3061,3042,3035
2800,2811,2800,2821,2802,2795
3050,3061,3050,3071,3052,3045
2810,2821,2810,2831,2812,2805
3060,3071,3060,3081,3062,3055
2820,2831,2820,2841,2822,2815
3070,3081,3070,3091,3072,3065
2830,2841,2830,2851,2832,2825
3080,3091,3080,3101,3082,3075
2840,2851,2840,2861,2842,2835
3090,3101,3090,3111,3092,3085
2850,2861,2850,2871,2852,2845
3100,3111,3100,3121,3102,3095
2860,2871,2860,2881,2862,2855
3110,3121,3110,3131,3112,3105
2870,2881,2870,2891,2872,2865
3120,3131,3120,3141,3122,3115
2880,2891,2880,2901,2882,2875
3130,3141,3130,3151,3132,3125
2890,2901,2890,2911,2892,2885
3140,3151,3140,3161,3142,3135
2900,2911,2900,2921,2902,2895
3150,3161,3150,3171,3152,3145
2910,2921,2910,2931,2912,2905
3160,3171,3160,3181,3162,3155
2920,2931,2920,2941,2922,2915
3170,3181,3170,3191,3172,3165
2930,2941,2930,2951,2932,2925
3180,3191,3180,3201,3182,3175
2940,2951,2940,2961,2942,2935
3190,3201,3190,3211,3192,3185
2950,2961,2950,2971,2952,2945
3200,3211,3200,3221,3202,3195
2960,2971,2960,2981,2962,2955
3210,3221,3210,3231,3212,3205
2970,2981,2970,2991,2972,2965
3220,3231,3220,3241,3222,3215
2980,2991,2980,3001,2982,2975
3230,3241,3230,3251,3232,3225
2990,3001,2990,3011,2992,2985
3240,3251,3240,3261,3242,3235
3000,3011,3000,3021,3002,2995
3250,3261,3250,3271,3252,3245
3010,3021,3010,3031,3012,3005
3260,3271,3260,3281,3262,3255
3020,3031,3020,3041,3022,3015
3270,3281,3270,3291,3272,3265
3030,3041,3030,3051,3032,3025
3280,3291,3280,3301,3282,3275
3040,3051,3040,3061,3042,3035
3290,3301,3290,3311,3292,3285
3050,3061,3050,3071,3052,3045
3300,3311,3300,3321,3302,3295
3060,3071,3060,3081,3062,3055
3310,3321,3310,3331,3312,3305
3070,3081,3070,3091,3072,3065
3320,3331,3320,3341,3322,3315
3080,3091,3080,3101,3082,3075
3330,3341,3330,3351,3332,3325
3090,3101,3090,3111,3092,3085
3340,3351,3340,3361,3342,3335
3100,3111,3100,3121,3102,3095
3350,3361,3350,3371,3352,3345
3110,3121,3110,3131,3112,3105
3360,3371,3360,3381,3362,3355
3120,3131,3120,3141,3122,3115
3370,3381,3370,3391,3372,3365
3130,3141,3130,3151,3132,3125
3380,3391,3380,3401,3382,3375
3140,3151,3140,3161,3142,3135
3390,3401,3390,3411,3392,3385
3150,3161,3150,3171,3152,3145
3400,3411,3400,3421,3402,3395
3160,3171,3160,3181,3162,3155
3410,3421,3410,3431,3412,3405
3170,3181,3170,3191,3172,3165
3420,3431,3420,3441,3422,3415
3180,3191,3180,3201,3182,3175
3430,3441,3430,3451,3432,3425
3190,3201,3190,3211,3192,3185
3440,3451,3440,3461,3442,3435
3200,3211,3200,3221,3202,3195
3450,3461,3450,3471,3452,3445
3210,3221,3210,3231,3212,3205
3460,3471,3460,3481,3462,3455
3220,3231,3220,3241,3222,3215
3470,3481,3470,3491,3472,3465
3230,3241,3230,3251,3232,3225
3480,3491,3480,3501,3482,3475
3240,3251,3240,3261,3242,3235
3490,3501,3490,3511,3492,3485
3250,3261,3250,3271,3252,3245
3500,3511,3500,3521,3502,3495
3260,3271,3260,3281,3262,3255
3510,3521,3510,3531,3512,3505
3270,3281,3270,3291,3272,3265
3520,3531,3520,3541,3522,3515
3280,3291,3280,3301,3282,3275
3530,3541,3530,3551,3532,3525
3290,3301,3290,3311,3292,3285
3540,3551,3540,3561,3542,3535
3300,3311,3300,3321,3302,3295
3550,3561,3550,3571,3552,3545
3310,3321,3310,3331,3312,3305
3560,3571,3560,3581,3562,3555
3320,3331,3320,3341,3322,3315
3570,3581,3570,3591,3572,3565
3330,3341,3330,3351,3332,3325
3580,3591,3580,3601,3582,3575
3340,3351,3340,3361,3342,3335
3590,3601,3590,3611,3592,3585
3350,3361,3350,3371,3352,3345
3600,3611,3600,3621,3602,3595
3360,3371,3360,3381,3362,3355
3610,3621,3610,3631,3612,3605
3370,3381,3370,3391,3372,3365
3620,3631,3620,3641,3622,3615
3380,3391,3380,3401,3382,3375
3630,3641,3630,3651,3632,3625
3390,3401,3390,3411,3392,3385
3640,3651,3640,3661,3642,3635
3400,3411,3400,3421,3402,3395
3650,3661,3650,3671,3652,3645
3410,3421,3410,3431,3412,3405
3660,3671,3660,3681,3662,3655
3420,3431,3420,3441,3422,3415
3670,3681,3670,3691,3672,3665
3430,3441,3430,3451,3432,3425
3680,3691,3680,3701,3682,3675
3440,3451,3440,3461,3442,3435
3690,3701,3690,3711,3692,3685
3450,3461,3450,3471,3452,3445
3700,3711,3700,3721,3702,3695
3460,3471,3460,3481,3462,3455
3710,3721,3710,3731,3712,3705
3470,3481,3470,3491,3472,3465
3720,3731,3720,3741,3722,3715
3480,3491,3480,3501,3482,3475
3730,3741,3730,3751,3732,3725
3490,3501,3490,3511,3492,3485
3740,3751,3740,3761,3742,3735
3500,3511,3500,3521,3502,3495
3750,3761,3750,3771,3752,3745
3510,3521,3510,3531,3512,3505
3760,3771,3760,3781,3762,3755
3520,3531,3520,3541,3522,3515
3770,3781,3770,3791,3772,3765
3530,3541,3530,3551,3532,3525
3780,3791,3780,3801,3782,3775
3540,3551,3540,3561,3542,3535
3790,3801,3790,3811,3792,3785
3550,3561,3550,3571,3552,3545
3800,3811,3800,3821,3802,3795
3560,3571,3560,3581,3562,3555
3810,3821,3810,3831,3812,3805
3570,3581,3570,3591,3572,3565
3820,3831,3820,3841,3822,3815
3580,3591,3580,3601,3582,3575
3830,3841,3830,3851,3832,3825
3590,3601,3590,3611,3592,3585
3840,3851,3840,3861,3842,3835
3600,3611,3600,3621,3602,3595
3850,3861,3850,3871,3852,3845
3610,3621,3610,3631,3612,3605
3860,3871,3860,3881,3862,3855
3620,3631,3620,3641,3622,3615
3870,3881,3870,3891,3872,3865
3630,3641,3630,3651,3632,3625
3880,3891,3880,3901,3882,3875
3640,3651,3640,3661,3642,3635
3890,3901,3890,3911,3892,3885
3650,3661,3650,3671,3652,3645
3900,3911,3900,3921,3902,3895
3660,3671,3660,3681,3662,3655
3910,3921,3910,3931,3912,3905
3670,3681,3670,3691,3672,3665
3920,3931,3920,3941,3922,3915
3680,3691,3680,3701,3682,3675
3930,3941,3930,3951,3932,3925
3690,3701,3690,3711,3692,3685
3940,3951,3940,3961,3942,3935
3700,3711,3700,3721,3702,3695
3950,3961,3950,3971,3952,3945
3710,3721,3710,3731,3712,3705
3960,3971,3960,3981,3962,3955
3720,3731,3720,3741,3722,3715
3970,3981,3970,3991,3972,3965
3730,3741,3730,3751,3732,3725
3980,3991,3980,4001,3982,3975
3740,3751,3740,3761,3742,3735
3990,4001,3990,4011,3992,3985
3750,3761,3750,3771,3752,3745
4000,4011,4000,4021,4002,3995
3760,3771,3760,3781,3762,3755
4010,4021,4010,4031,4012,4005
3770,3781,3770,3791,3772,3765
4020,4031,4020,4041,4022,4015
3780,3791,3780,3801,3782,3775
4030,4041,4030,4051,4032,4025
3790,3801,3790,3811,3792,3785
4040,4051,4040,4061,4042,4035
3800,3811,3800,3821,3802,3795
4050,4061,4050,4071,4052,4045
3810,3821,3810,3831,3812,3805
4060,4071,4060,4081,4062,4055
3820,3831,3820,3841,3822,3815
4070,4081,4070,4091,4072,4065
3830,3841,3830,3851,3832,3825
4080,4091,4080,4101,4082,4075
3840,3851,3840,3861,3842,3835
4090,4101,4090,4111,4092,4085
3850,3861,3850,3871,3852,3845
4100,4111,4100,4121,4102,4095
3860,3871,3860,3881,3862,3855
4110,4121,4110,4131,4112,4105
3870,3881,3870,3891,3872,3865
4120,4131,4120,4141,4122,4115
3880,3891,3880,3901,3882,3875
4130,4141,4130,4151,4132,4125
3890,3901,3890,3911,3892,3885
4140,4151,4140,4161,4142,4135
3900,3911,3900,3921,3902,3895
4150,4161,4150,4171,4152,4145
3910,3921,3910,3931,3912,3905
4160,4171,4160,4181,4162,4155
3920,3931,3920,3941,3922,3915
4170,4181,4170,4191,4172,4165
3930,3941,3930,3951,3932,3925
4180,4191,4180,4201,4182,4175
3940,3951,3940,3961,3942,3935
4190,4201,4190,4211,4192,4185
3950,3961,3950,3971,3952,3945
4200,4211,4200,4221,4202,4195
3960,3971,3960,3981,3962,3955
4210,4221,4210,4231,4212,4205
3970,3981,3970,3991,3972,3965
4220,4231,4220,4241,4222,4215
3980,3991,3980,4001,3982,3975
4230,4241,4230,4251,4232,4225
3990,4001,3990,4011,3992,3985
4240,4251,4240,4261,4242,4235
4000,4011,4000,4021,4002,3995
4250,4261,4250,4271,4252,4245
4010,4021,4010,4031,4012,4005
4260,4271,4260,4281,4262,4255
4020,4031,4020,4041,4022,4015
4270,4281,4270,4291,4272,4265
4030,4041,4030,4051,4032,4025
4280,4291,4280,4301,4282,4275
4040,4051,4040,4061,4042,4035
4290,4301,4290,4311,4292,4285
4050,4061,4050,4071,4052,4045
4300,4311,4300,4321,4302,4295
4060,4071,4060,4081,4062,4055
4310,4321,4310,4331,4312,4305
4070,4081,4070,4091,4072,4065
4320,4331,4320,4341,4322,4315
4080,4091,4080,4101,4082,4075
4330,4341,4330,4351,4332,4325
4090,4101,4090,4111,4092,4085
4340,4351,4340,4361,4342,4335
4100,4111,4100,4121,4102,4095
4350,4361,4350,4371,4352,4345
4110,4121,4110,4131,4112,4105
4360,4371,4360,4381,4362,4355
4120,4131,4120,4141,4122,4115
4370,4381,4370,4391,4372,4365
4130,4141,4130,4151,4132,4125
4380,4391,4380,4401,4382,4375
4140,4151,4140,4161,4142,4135
4390,4401,4390,4411,4392,4385
4150,4161,4150,4171,4152,4145
4400,4411,4400,4421,4402,4395
4160,4171,4160,4181,4162,4155
4410,4421,4410,4431,4412,4405
4170,4181,4170,4191,4172,4165
4420,4431,4420,4441,4422,4415
4180,4191,4180,4201,4182,4175
4430,4441,4430,4451,4432,4425
4190,4201,4190,4211,4192,4185
4440,4451,4440,4461,4442,4435
4200,4211,4200,4221,4202,4195
4450,4461,4450,4471,4452,4445
4210,4221,4210,4231,4212,4205
4460,4471,4460,4481,4462,4455
4220,4231,4220,4241,4222,4215
4470,4481,4470,4491,4472,4465
4230,4241,4230,4251,4232,4225
4480,4491,4480,4501,4482,4475
4240,4251,4240,4261,4242,4235
4490,4501,4490,4511,4492,4485
4250,4261,4250,4271,4252,4245
4500,4511,4500,4521,4502,4495
4260,4271,4260,4281,4262,4255
4510,4521,4510,4531,4512,4505
4270,4281,4270,4291,4272,4265
4520,4531,4520,4541,4522,4515
4280,4291,4280,4301,4282,4275
4530,4541,4530,4551,4532,4525
4290,4301,4290,4311,4292,4285
4540,4551,4540,4561,4542,4535
4300,4311,4300,4321,4302,4295
4550,4561,4550,4571,4552,4545
4310,4321,4310,4331,4312,4305
4560,4571,4560,4581,4562,4555
4320,4331,4320,4341,4322,4315
4570,4581,4570,4591,4572,4565
4330,4341,4330,4351,4332,4325
4580,4591,4580,4601,4582,4575
4340,4351,4340,4361,4342,4335
4590,4601,4590,4611,4592,4585
4350,4361,4350,4371,4352,4345
4600,4611,4600,4621,4602,4595
4360,4371,4360,4381,4362,4355
4610,4621,4610,4631,4612,4605
4370,4381,4370,4391,4372,4365
4620,4631,4620,4641,4622,4615
4380,4391,4380,4401,4382,4375
4630,4641,4630,4651,4632,4625
4390,4401,4390,4411,4392,4385
4640,4651,4640,4661,4642,4635
4400,4411,4400,4421,4402,4395
4650,4661,4650,4671,4652,4645
4410,4421,4410,4431,4412,4405
4660,4671,4660,4681,4662,4655
4420,4431,4420,4441,4422,4415
4670,4681,4670,4691,4672,4665
4430,4441,4430,4451,4432,4425
4680,4691,4680,4701,4682,4675
4440,4451,4440,4461,4442,4435
4690,4701,4690,4711,4692,4685
4450,4461,4450,4471,4452,4445
4700,4711,4700,4721,4702,4695
4460,4471,4460,4481,4462,4455
4710,4721,4710,4731,4712,4705
4470,4481,4470,4491,4472,4465
4720,4731,4720,4741,4722,4715
4480,4491,4480,4501,4482,4475
4730,4741,4730,4751,4732,4725
4490,4501,4490,4511,4492,4485
4740,4751,4740,4761,4742,4735
4500,4511,4500,4521,4502,4495
4750,4761,4750,4771,4752,4745
4510,4521,4510,4531,4512,4505
4760,4771,4760,4781,4762,4755
4520,4531,4520,4541,4522,4515
4770,4781,4770,4791,4772,4765
4530,4541,4530,4551,4532,4525
4780,4791,4780,4801,4782,4775
4540,4551,4540,4561,4542,4535
4790,4801,4790,4811,4792,4785
4550,4561,4550,4571,4552,4545
4800,4811,4800,4821,4802,4795
4560,4571,4560,4581,4562,4555
4810,4821,4810,4831,4812,4805
4570,4581,4570,4591,4572,4565
4820,4831,4820,4841,4822,4815
4580,4591,4580,4601,4582,4575
4830,4841,4830,4851,4832,4825
4590,4601,4590,4611,4592,4585
4840,4851,4840,4861,4842,4835
4600,4611,4600,4621,4602,4595
4850,4861,4850,4871,4852,4845
4610,4621,4610,4631,4612,4605
4860,4871,4860,4881,4862,4855
4620,4631,4620,4641,4622,4615
4870,4881,4870,4891,4872,4865
4630,4641,4630,4651,4632,4625
4880,4891,4880,4901,4882,4875
4640,4651,4640,4661,4642,4635
4890,4901,4890,4911,4892,4885
4650,4661,4650,4671,4652,4645
4900,4911,4900,4921,4902,4895
4660,4671,4660,4681,4662,4655
4910,4921,4910,4931,4912,4905
4670,4681,4670,4691,4672,4665
4920,4931,4920,4941,4922,4915
4680,4691,4680,4701,4682,4675
4930,4941,4930,4951,4932,4925
4690,4701,4690,4711,4692,4685
4940,4951,4940,4961,4942,4935
4700,4711,4700,4721,4702,4695
4950,4961,4950,4971,4952,4945
4710,4721,4710,4731,4712,4705
4960,4971,4960,4981,4962,4955
4720,4731,4720,4741,4722,4715
4970,4981,4970,4991,4972,4965
4730,4741,4730,4751,4732,4725
4980,4991,4980,5001,4982,4975
4740,4751,4740,4761,4742,4735
4990,5001,4990,5011,4992,4985
4750,4761,4750,4771,4752,4745
5000,5011,5000,5021,5002,4995
4760,4771,4760,4781,4762,4755
5010,5021,5010,5031,5012,5005
4770,4781,4770,4791,4772,4765
5020,5031,5020,5041,5022,5015
4780,4791,4780,4801,4782,4775
5030,5041,5030,5051,5032,5025
4790,4801,4790,4811,4792,4785
5040,5051,5040,5061,5042,5035
4800,4811,4800,4821,4802,4795
5050,5061,5050,5071,5052,5045
4810,4821,4810,4831,4812,4805
5060,5071,5060,5081,5062,5055
4820,4831,4820,4841,4822,4815
5070,5081,5070,5091,5072,5065
4830,4841,4830,4851,4832,4825
5080,5091,5080,5101,5082,5075
4840,4851,4840,4861,4842,4835
5090,5101,5090,5111,5092,5085
4850,4861,4850,4871,4852,4845
5100,5111,5100,5121,5102,5095
4860,4871,4860,4881,4862,4855
5110,5121,5110,5131,5112,5105
4870,4881,4870,4891,4872,4865
5120,5131,5120,5141,5122,5115
4880,4891,4880,4901,4882,4875
5130,5141,5130,5151,5132,5125
4890,4901,4890,4911,4892,4885
5140,5151,5140,5161,5142,5135
4900,4911,4900,4921,4902,4895
5150,5161,5150,5171,5152,5145
4910,4921,4910,4931,4912,4905
5160,5171,5160,5181,5162,5155
4920,4931,4920,4941,4922,4915
5170,5181,5170,5191,5172,5165
4930,4941,4930,4951,4932,4925
5180,5191,5180,5201,5182,5175
4940,4951,4940,4961,4942,4935
5190,5201,5190,5211,5192,5185
4950,4961,4950,4971,4952,4945
5200,5211,5200,5221,5202,5195
4960,4971,4960,4981,4962,4955
5210,5221,5210,5231,5212,5205
4970,4981,4970,4991,4972,4965
5220,5231,5220,5241,5222,5215
4980,4991,4980,5001,4982,4975
5230,5241,5230,5251,5232,5225
4990,5001,4990,5011,4992,4985
5240,5251,5240,5261,5242,5235
5000,5011,5000,5021,5002,4995
5250,5261,5250,5271,5252,5245
5010,5021,5010,5031,5012,5005
5260,5271,5260,5281,5262,5255
5020,5031,5020,5041,5022,5015
5270,5281,5270,5291,5272,5265
5030,5041,5030,5051,5032,5025
5280,5291,5280,5301,5282,5275
5040,5051,5040,5061,5042,5035
5290,5301,5290,5311,5292,5285
5050,5061,5050,5071,5052,5045
5300,5311,5300,5321,5302,5295
5060,5071,5060,5081,5062,5055
5310,5321,5310,5331,5312,5305
5070,5081,5070,5091,5072,5065
5320,5331,5320,5341,5322,5315
5080,5091,5080,5101,5082,5075
5330,5341,5330,5351,5332,5325
5090,5101,5090,5111,5092,5085
5340,5351,5340,5361,5342,5335
5100,5111,5100,5121,5102,5095
5350,5361,5350,5371,5352,5345
5110,5121,5110,5131,5112,5105
5360,5371,5360,5381,5362,5355
5120,5131,5120,5141,5122,5115
5370,5381,5370,5391,5372,5365
5130,5141,5130,5151,5132,5125
5380,5391,5380,5401,5382,5375
5140,5151,5140,5161,5142,5135
5390,5401,5390,5411,5392,5385
5150,5161,5150,5171,5152,5145
5400,5411,5400,5421,5402,5395
5160,5171,5160,5181,5162,5155
5410,5421,5410,5431,5412,5405
5170,5181,5170,5191,5172,5165
5420,5431,5420,5441,5422,5415
5180,5191,5180,5201,5182,5175
5430,5441,5430,5451,5432,5425
5190,5201,5190,5211,5192,5185
5440,5451,5440,5461,5442,5435
5200,5211,5200,5221,5202,5195
5450,5461,5450,5471,5452,5445
5210,5221,5210,5231,5212,5205
5460,5471,5460,5481,5462,5455
5220,5231,5220,5241,5222,5215
5470,5481,5470,5491,5472,5465
5230,5241,5230,5251,5232,5225
5480,5491,5480,5501,5482,5475
5240,5251,5240,5261,5242,5235
5490,5501,5490,5511,5492,5485
5250,5261,5250,5271,5252,5245
5500,5511,5500,5521,5502,5495
5260,5271,5260,5281,5262,5255
5510,5521,5510,5531,5512,5505
5270,5281,5270,5291,5272,5265
5520,5531,5520,5541,5522,5515
5280,5291,5280,5301,5282,5275
5530,5541,5530,5551,5532,5525
5290,5301,5290,5311,5292,5285
5540,5551,5540,5561,5542,5535
5300,5311,5300,5321,5302,5295
5550,5561,5550,5571,5552,5545
5310,5321,5310,5331,5312,5305
5560,5571,5560,5581,5562,5555
5320,5331,5320,5341,5322,5315
5570,5581,5570,5591,5572,5565
5330,5341,5330,5351,5332,5325
5580,5591,5580,5601,5582,5575
5340,5351,5340,5361,5342,5335
5590,5601,5590,5611,5592,5585
5350,5361,5350,5371,5352,5345
5600,5611,5600,5621,5602,5595
5360,5371,5360,5381,5362,5355
5610,5621,5610,5631,5612,5605
5370,5381,5370,5391,5372,5365
5620,5631,5620,5641,5622,5615
5380,5391,5380,5401,5382,5375
5630,5641,5630,5651,5632,5625
5390,5401,5390,5411,5392,5385
5640,5651,5640,5661,5642,5635
5400,5411,5400,5421,5402,5395
5650,5661,5650,5671,5652,5645
5410,5421,5410,5431,5412,5405
5660,5671,5660,5681,5662,5655
5420,5431,5420,5441,5422,5415
5670,5681,5670,5691,5672,5665
5430,5441,5430,5451,5432,5425
5680,5691,5680,5701,5682,5675
5440,5451,5440,5461,5442,5435
5690,5701,5690,5711,5692,5685
5450,5461,5450,5471,5452,5445
5700,5711,5700,5721,5702,5695
5460,5471,5460,5481,5462,5455
5710,5721,5710,5731,5712,5705
5470,5481,5470,5491,5472,5465
5720,5731,5720,5741,5722,5715
5480,5491,5480,5501,5482,5475
5730,5741,5730,5751,5732,5725
5490,5501,5490,5511,5492,5485
5740,5751,5740,5761,5742,5735
5500,5511,5500,5521,5502,5495
5750,5761,5750,5771,5752,5745
5510,5521,5510,5531,5512,5505
5760,5771,5760,5781,5762,5755
5520,5531,5520,5541,5522,5515
5770,5781,5770,5791,5772,5765
5530,5541,5530,5551,5532,5525
5780,5790,5779,5800,5781,5774
5540,5551,5540,5561,5542,5535
5790,5800,5789,5810,5791,5784
5550,5561,5550,5571,5552,5545
5800,5810,5799,5820,5801,5794
5560,5571,5560,5581,5562,5555
5810,5820,5809,5830,5811,5804
5570,5581,5570,5591,5572,5565
5820,5830,5819,5840,5821,5814
5580,5591,5580,5601,5582,5575
5830,5840,5829,5850,5831,5824
5590,5601,5590,5611,5592,5585
5840,5850,5839,5860,5841,5834
5600,5611,5600,5621,5602,5595
5850,5860,5849,5870,5851,5844
5610,5621,5610,5631,5612,5605
5860,5870,5859,5880,5861,5854
5620,5631,5620,5641,5622,5615
5870,5880,5869,5890,5871,5864
5630,5641,5630,5651,5632,5625
5880,5890,5879,5900,5881,5874
5640,5651,5640,5661,5642,5635
5890,5900,5889,5910,5891,5884
5650,5661,5650,5671,5652,5645
5900,5910,5899,5920,5901,5894
5660,5671,5660,5681,5662,5655
5910,5920,5909,5930,5911,5904
5670,5681,5670,5691,5672,5665
5920,5930,5919,5940,5921,5914
5680,5691,5680,5701,5682,5675
5930,5940,5929,5950,5931,5924
5690,5701,5690,5711,5692,5685
5940,5950,5939,5960,5941,5934
5700,5711,5700,5721,5702,5695
5950,5960,5949,5970,5951,5944
5710,5721,5710,5731,5712,5705
5960,5970,5959,5980,5961,5954
5720,5731,5720,5741,5722,5715
5970,5980,5969,5990,5971,5964
5730,5741,5730,5751,5732,5725
5980,5990,5979,6000,5981,5974
5740,5751,5740,5761,5742,5735
5990,6000,5989,6010,5991,5984
5750,5761,5750,5771,5752,5745
6000,6010,5999,6020,6001,5994
5760,5771,5760,5781,5762,5755
6010,6020,6009,6030,6011,6004
5770,5781,5770,5791,5772,5765
6020,6030,6019,6040,6021,6014
5780,5790,5779,5800,5781,5774
6030,6040,6029,6050,6031,6024
5790,5800,5789,5810,5791,5784
6040,6050,6039,6060,6041,6034
5800,5810,5799,5820,5801,5794
6050,6060,6049,6070,6051,6044
5810,5820,5809,5830,5811,5804
6060,6070,6059,6080,6061,6054
5820,5830,5819,5840,5821,5814
6070,6080,6069,6090,6071,6064
5830,5840,5829,5850,5831,5824
6080,6087,6079,6100,6081,6074
5840,5850,5839,5860,5841,5834
6090,6097,6089,6110,6091,6084
5850,5860,5849,5870,5851,5844
6100,6107,6099,6120,6101,6094
5860,5870,5859,5880,5861,5854
6110,6117,6109,6130,6111,6104
5870,5880,5869,5890,5871,5864
6120,6127,6119,6140,6121,6114
5880,5890,5879,5900,5881,5874
6130,6137,6129,6150,6131,6124
5890,5900,5889,5910,5891,5884
6140,6147,6139,6160,6141,6134
5900,5910,5899,5920,5901,5894
6150,6157,6149,6170,6151,6144
5910,5920,5909,5930,5911,5904
6160,6167,6159,6180,6161,6154
5920,5930,5919,5940,5921,5914
6170,6177,6169,6190,6171,6164
5930,5940,5929,5950,5931,5924
6180,6187,6179,6200,6181,6174
5940,5950,5939,5960,5941,5934
6190,6197,6189,6210,6191,6184
5950,5960,5949,5970,5951,5944
6200,6207,6199,6220,6201,6194
5960,5970,5959,5980,5961,5954
6210,6217,6209,6230,6211,6204
5970,5980,5969,5990,5971,5964
6220,6227,6219,6240,6221,6214
5980,5990,5979,6000,5981,5974
6230,6237,6229,6250,6231,6224
5990,6000,5989,6010,5991,5984
6240,6247,6239,6260,6241,6234
6000,6010,5999,6020,6001,5994
6250,6257,6249,6270,6251,6244
6010,6020,6009,6030,6011,6004
6260,6267,6259,6280,6261,6254
6020,6030,6019,6040,6021,6014
6270,6274,6269,6287,6268,6261
6030,6040,6029,6050,6031,6024
6280,6284,6279,6297,6278,6271
6040,6050,6039,6060,6041,6034
6290,6294,6289,6307,6288,6281
6050,6060,6049,6070,6051,6044
6300,6304,6299,6317,6298,6291
6060,6070,6059,6080,6061,6054
6310,6314,6309,6327,6308,6301
6070,6080,6069,6090,6071,6064
6320,6324,6319,6334,6315,6311
6080,6087,6079,6100,6081,6074
6330,6334,6329,6344,6325,6321
6090,6097,6089,6110,6091,6084
6340,6344,6339,6354,6335,6331
6100,6107,6099,6120,6101,6094
6350,6354,6349,6364,6345,6341
6110,6117,6109,6130,6111,6104
6360,6364,6359,6374,6355,6351
6120,6127,6119,6140,6121,6114
6370,6374,6369,6384,6365,6361
6130,6137,6129,6150,6131,6124
6380,6384,6379,6394,6375,6371
6140,6147,6139,6160,6141,6134
6390,6394,6389,6404,6385,6381
6150,6157,6149,6170,6151,6144
6400,6404,6399,6414,6395,6391
6160,6167,6159,6180,6161,6154
6410,6414,6409,6424,6405,6401
6170,6177,6169,6190,6171,6164
6420,6424,6419,6434,6415,6411
6180,6187,6179,6200,6181,6174
6430,6434,6429,6444,6425,6421
6190,6197,6189,6210,6191,6184
6440,6444,6439,6454,6435,6431
6200,6207,6199,6220,6201,6194
6450,6454,6449,6464,6445,6441
6210,6217,6209,6230,6211,6204
6460,6464,6459,6474,6455,6451
6220,6227,6219,6240,6221,6214
6470,6474,6469,6484,6465,6461
6230,6237,6229,6250,6231,6224
6480,6484,6479,6491,6475,6471
6240,6247,6239,6260,6241,6234
6490,6494,6489,6501,6485,6481
6250,6257,6249,6270,6251,6244
6500,6504,6499,6511,6495,6491
6260,6267,6259,6280,6261,6254
6510,6514,6509,6521,6505,6501
6270,6274,6269,6287,6268,6261
6520,6524,6519,6531,6515,6511
6280,6284,6279,6297,6278,6271
6530,6534,6529,6541,6525,6521
6290,6294,6289,6307,6288,6281
6540,6544,6539,6551,6535,6531
6300,6304,6299,6317,6298,6291
6550,6554,6549,6561,6545,6541
6310,6314,6309,6327,6308,6301
6560,6564,6559,6571,6555,6551
6320,6324,6319,6334,6315,6311
6570,6574,6569,6581,6565,6561
6330,6334,6329,6344,6325,6321
6580,6584,6579,6591,6575,6571
6340,6344,6339,6354,6335,6331
6590,6594,6589,6601,6585,6581
6350,6354,6349,6364,6345,6341
6600,6604,6599,6611,6595,6591
6360,6364,6359,6374,6355,6351
6610,6614,6609,6621,6605,6601
6370,6374,6369,6384,6365,6361
6620,6624,6619,6631,6615,6611
6380,6384,6379,6394,6375,6371
6630,6636,6629,6641,6625,6621
6390,6394,6389,6404,6385,6381
6640,6646,6639,6696,6635,6631
6400,6404,6399,6414,6395,6391
6650,6656,6649,6706,6645,6641
6410,6414,6409,6424,6405,6401
6660,6666,6659,6716,6655,6651
6420,6424,6419,6434,6415,6411
6670,6676,6669,6726,6670,6655
6430,6434,6429,6444,6425,6421
6680,6686,6679,6736,6680,6662
6440,6444,6439,6454,6435,6431
6690,6696,6689,6746,6690,6672
6450,6454,6449,6464,6445,6441
6700,6706,6699,6756,6700,6682
6460,6464,6459,6474,6455,6451
6710,6716,6709,6766,6710,6692
6470,6474,6469,6484,6465,6461
6720,6726,6719,6776,6720,6702
6480,6484,6479,6491,6475,6471
6730,6736,6729,6786,6730,6712
6490,6494,6489,6501,6485,6481
6740,6746,6739,6793,6740,6722
6500,6504,6499,6511,6495,6491
6750,6756,6749,6803,6750,6732
6510,6514,6509,6521,6505,6501
6760,6766,6759,6813,6760,6742
6520,6524,6519,6531,6515,6511
6770,6776,6769,6823,6770,6752
6530,6534,6529,6541,6525,6521
6780,6786,6779,6833,6780,6762
6540,6544,6539,6551,6535,6531
6790,6796,6789,6843,6790,6790
6550,6554,6549,6561,6545,6541
6800,6806,6814,6853,6800,6800
6560,6564,6559,6571,6555,6551
6810,6816,6824,6863,6810,6810
6570,6574,6569,6581,6565,6561
6820,6826,6834,6873,6820,6820
6580,6584,6579,6591,6575,6571
6830,6836,6844,6883,6830,6830
6590,6594,6589,6601,6585,6581
6840,6846,6854,6893,6840,6840
6600,6604,6599,6611,6595,6591
6850,6856,6864,6903,6850,6850
6610,6614,6609,6621,6605,6601
6860,6866,6874,6913,6860,6860
6620,6624,6619,6631,6615,6611
6870,6876,6884,6923,6870,6870
6630,6636,6629,6641,6625,6621
6880,6886,6894,6933,6880,6880
6640,6646,6639,6696,6635,6631
6890,6896,6904,6943,6890,6890
6650,6656,6649,6706,6645,6641
6900,6906,6914,6953,6900,6900
6660,6666,6659,6716,6655,6651
6910,6916,6924,6963,6910,6910
6670,6676,6669,6726,6670,6655
6920,6926,6934,6973,6920,6920
6680,6686,6679,6736,6680,6662
6930,6936,6944,6983,6930,6930
6690,6696,6689,6746,6690,6672
6940,6946,6954,6993,6940,6940
6700,6706,6699,6756,6700,6682
6950,6956,6964,7003,6950,6950
6710,6716,6709,6766,6710,6692
6960,6966,6974,7013,6960,6960
6720,6726,6719,6776,6720,6702
6970,6976,6984,7023,6970,6970
6730,6736,6729,6786,6730,6712
6980,6986,6994,7033,6980,6980
6740,6746,6739,6793,6740,6722
6990,6996,7004,7043,6990,6990
6750,6756,6749,6803,6750,6732
7000,7006,7014,7053,7000,7000
6760,6766,6759,6813,6760,6742
7010,7016,7024,7063,7010,7010
6770,6776,6769,6823,6770,6752
7020,7026,7034,7073,7020,7020
6780,6786,6779,6833,6780,6762
7030,7036,7044,7083,7030,7030
6790,6796,6789,6843,6790,6790
7040,7046,7054,7093,7040,7040
6800,6806,6814,6853,6800,6800
7050,7056,7064,7103,7050,7050
6810,6816,6824,6863,6810,6810
7060,7066,7074,7113,7060,7060
6820,6826,6834,6873,6820,6820
7070,7076,7084,7123,7070,7070
6830,6836,6844,6883,6830,6830
7080,7086,7094,7133,7080,7080
6840,6846,6854,6893,6840,6840
7090,7096,7104,7143,7090,7090
6850,6856,6864,6903,6850,6850
7100,7106,7114,7153,7100,7100
6860,6866,6874,6913,6860,6860
7110,7116,7124,7163,7110,7110
6870,6876,6884,6923,6870,6870
7120,7126,7134,7173,7120,7120
6880,6886,6894,6933,6880,6880
7130,7136,7144,7183,7130,7130
6890,6896,6904,6943,6890,6890
7140,7146,7154,7193,7140,7140
6900,6906,6914,6953,6900,6900
7150,7156,7164,7203,7150,7150
6910,6916,6924,6963,6910,6910
7160,7160,7168,7207,7154,7154
6920,6926,6934,6973,6920,6920
7170,7170,7178,7217,7164,7164
6930,6936,6944,6983,6930,6930
7180,7183,7188,7227,7174,7174
6940,6946,6954,6993,6940,6940
7190,7193,7201,7240,7187,7187
6950,6956,6964,7003,6950,6950
7200,7203,7211,7250,7197,7197
6960,6966,6974,7013,6960,6960
7210,7213,7221,7260,7207,7207
6970,6976,6984,7023,6970,6970
7220,7223,7231,7270,7217,7217
6980,6986,6994,7033,6980,6980
7230,7233,7241,7280,7227,7227
6990,6996,7004,7043,6990,6990
7240,7243,7251,7290,7237,7237
7000,7006,7014,7053,7000,7000
7250,7253,7261,7300,7247,7247
7010,7016,7024,7063,7010,7010
7260,7263,7271,7310,7257,7257
7020,7026,7034,7073,7020,7020
7270,7273,7281,7320,7267,7267
7030,7036,7044,7083,7030,7030
7280,7283,7291,7330,7277,7277
7040,7046,7054,7093,7040,7040
7290,7290,7298,7337,7284,7281
7050,7056,7064,7103,7050,7050
7300,7300,7308,7347,7294,7291
7060,7066,7074,7113,7060,7060
7310,7310,7318,7357,7304,7301
7070,7076,7084,7123,7070,7070
7320,7320,7328,7367,7314,7311
7080,7086,7094,7133,7080,7080
7330,7330,7338,7377,7324,7321
7090,7096,7104,7143,7090,7090
7340,7340,7348,7387,7334,7331
7100,7106,7114,7153,7100,7100
7350,7350,7358,7397,7344,7341
7110,7116,7124,7163,7110,7110
7360,7360,7368,7407,7354,7351
7120,7126,7134,7173,7120,7120
7370,7370,7378,7417,7364,7361
7130,7136,7144,7183,7130,7130
7380,7380,7388,7427,7374,7371
7140,7146,7154,7193,7140,7140
7390,7390,7398,7437,7384,7381
7150,7156,7164,7203,7150,7150
7400,7400,7408,7447,7394,7391
7160,7160,7168,7207,7154,7154
7410,7410,7418,7469,7404,7401
7170,7170,7178,7217,7164,7164
7420,7417,7431,7479,7417,7403
7180,7183,7188,7227,7174,7174
7430,7418,7441,7489,7436,7409
7190,7193,7201,7240,7187,7187
7440,7428,7451,7499,7446,7419
7200,7203,7211,7250,7197,7197
7450,7438,7459,7509,7456,7429
7210,7213,7221,7260,7207,7207
7460,7448,7465,7519,7463,7439
7220,7223,7231,7270,7217,7217
7470,7458,7475,7529,7470,7449
7230,7233,7241,7280,7227,7227
7480,7468,7485,7539,7480,7459
7240,7243,7251,7290,7237,7237
7490,7478,7495,7549,7490,7469
7250,7253,7261,7300,7247,7247
7500,7488,7505,7559,7500,7479
7260,7263,7271,7310,7257,7257
7510,7498,7515,7569,7510,7489
7270,7273,7281,7320,7267,7267
7520,7508,7525,7579,7520,7499
7280,7283,7291,7330,7277,7277
7530,7518,7535,7589,7530,7509
7290,7290,7298,7337,7284,7281
7540,7528,7545,7599,7540,7519
7300,7300,7308,7347,7294,7291
7550,7538,7555,7609,7550,7529
7310,7310,7318,7357,7304,7301
7560,7548,7565,7619,7560,7539
7320,7320,7328,7367,7314,7311
7570,7558,7575,7629,7570,7549
7330,7330,7338,7377,7324,7321
7580,7568,7585,7639,7580,7559
7340,7340,7348,7387,7334,7331
7590,7578,7595,7649,7590,7569
7350,7350,7358,7397,7344,7341
7600,7588,7605,7659,7600,7579
7360,7360,7368,7407,7354,7351
7610,7598,7615,7672,7616,7589
7370,7370,7378,7417,7364,7361
7620,7608,7628,7682,7626,7599
7380,7380,7388,7427,7374,7371
7630,7618,7638,7692,7636,7609
7390,7390,7398,7437,7384,7381
7640,7628,7648,7702,7646,7619
7400,7400,7408,7447,7394,7391
7650,7638,7658,7712,7656,7629
7410,7410,7418,7469,7404,7401
7660,7648,7668,7722,7666,7639
7420,7417,7431,7479,7417,7403
7670,7658,7678,7732,7676,7649
7430,7418,7441,7489,7436,7409
7680,7668,7688,7742,7686,7659
7440,7428,7451,7499,7446,7419
7690,7678,7698,7752,7696,7669
7450,7438,7459,7509,7456,7429
7700,7688,7708,7762,7706,7679
7460,7448,7465,7519,7463,7439
7710,7698,7718,7772,7716,7689
7470,7458,7475,7529,7470,7449
7720,7708,7728,7782,7726,7699
7480,7468,7485,7539,7480,7459
7730,7718,7738,7792,7736,7709
7490,7478,7495,7549,7490,7469
7740,7728,7748,7802,7746,7719
7500,7488,7505,7559,7500,7479
7750,7738,7758,7812,7756,7729
7510,7498,7515,7569,7510,7489
7760,7748,7768,7822,7766,7739
7520,7508,7525,7579,7520,7499
7770,7758,7778,7835,7776,7749
7530,7518,7535,7589,7530,7509
7780,7768,7788,7845,7786,7759
7540,7528,7545,7599,7540,7519
7790,7778,7798,7855,7796,7769
7550,7538,7555,7609,7550,7529
7800,7788,7808,7865,7806,7779
7560,7548,7565,7619,7560,7539
7810,7798,7818,7875,7816,7789
7570,7558,7575,7629,7570,7549
7820,7808,7828,7885,7826,7799
7580,7568,7585,7639,7580,7559
7830,7818,7838,7895,7836,7809
7590,7578,7595,7649,7590,7569
7840,7828,7848,7905,7846,7819
7600,7588,7605,7659,7600,7579
7850,7838,7858,7915,7856,7829
7610,7598,7615,7672,7616,7589
7860,7848,7868,7925,7866,7839
7620,7608,7628,7682,7626,7599
7870,7858,7878,7935,7876,7849
7630,7618,7638,7692,7636,7609
7880,7868,7888,7945,7886,7859
7640,7628,7648,7702,7646,7619
7890,7878,7898,7955,7896,7869
7650,7638,7658,7712,7656,7629
7900,7888,7908,7965,7906,7879
7660,7648,7668,7722,7666,7639
7910,7898,7918,7975,7916,7889
7670,7658,7678,7732,7676,7649
7920,7908,7928,7985,7926,7899
7680,7668,7688,7742,7686,7659
7930,7918,7938,7995,7936,7909
7690,7678,7698,7752,7696,7669
7940,7928,7948,8005,7946,7919
7700,7688,7708,7762,7706,7679
7950,7938,7958,8015,7956,7929
7710,7698,7718,7772,7716,7689
7960,7948,7968,8025,7966,7939
7720,7708,7728,7782,7726,7699
7970,7958,7978,8035,7976,7949
7730,7718,7738,7792,7736,7709
7980,7968,7988,8045,7986,7959
7740,7728,7748,7802,7746,7719
7990,7978,7998,8055,7996,7969
7750,7738,7758,7812,7756,7729
8000,7988,8008,8065,8006,7979
7760,7748,7768,7822,7766,7739
8010,7998,8018,8075,8016,7989
7770,7758,7778,7835,7776,7749
8020,8008,8028,8085,8026,7999
7780,7768,7788,7845,7786,7759
8030,8018,8038,8095,8036,8009
7790,7778,7798,7855,7796,7769
8040,8028,8048,8105,8046,8019
7800,7788,7808,7865,7806,7779
8050,8038,8058,8115,8056,8029
7810,7798,7818,7875,7816,7789
8060,8048,8068,8125,8066,8039
7820,7808,7828,7885,7826,7799
8070,8058,8078,8135,8076,8049
7830,7818,7838,7895,7836,7809
8080,8068,8088,8145,8086,8059
7840,7828,7848,7905,7846,7819
8090,8078,8098,8155,8096,8069
7850,7838,7858,7915,7856,7829
8100,8088,8108,8165,8106,8079
7860,7848,7868,7925,7866,7839
8110,8098,8118,8175,8116,8089
7870,7858,7878,7935,7876,7849
8120,8108,8128,8185,8126,8099
7880,7868,7888,7945,7886,7859
8130,8118,8138,8195,8136,8109
7890,7878,7898,7955,7896,7869
8140,8128,8148,8205,8146,8119
7900,7888,7908,7965,7906,7879
8150,8138,8158,8215,8156,8129
7910,7898,7918,7975,7916,7889
8160,8148,8168,8225,8166,8139
7920,7908,7928,7985,7926,7899
8170,8158,8178,8235,8176,8149
7930,7918,7938,7995,7936,7909
8180,8168,8188,8245,8186,8159
7940,7928,7948,8005,7946,7919
8190,8178,8198,8255,8196,8169
7950,7938,7958,8015,7956,7929
8200,8188,8208,8265,8206,8179
7960,7948,7968,8025,7966,7939
8210,8198,8218,8275,8216,8189
7970,7958,7978,8035,7976,7949
8220,8208,8228,8285,8226,8199
7980,7968,7988,8045,7986,7959
8230,8218,8238,8295,8236,8209
7990,7978,7998,8055,7996,7969
8240,8228,8248,8305,8246,8219
8000,7988,8008,8065,8006,7979
8250,8238,8258,8315,8256,8229
8010,7998,8018,8075,8016,7989
8260,8248,8268,8325,8266,8239
8020,8008,8028,8085,8026,7999
8270,8258,8278,8335,8276,8249
8030,8018,8038,8095,8036,8009
8280,8268,8288,8345,8286,8259
8040,8028,8048,8105,8046,8019
8290,8278,8298,8355,8296,8269
8050,8038,8058,8115,8056,8029
8300,8288,8308,8365,8306,8279
8060,8048,8068,8125,8066,8039
8310,8298,8318,8375,8316,8289
8070,8058,8078,8135,8076,8049
8320,8308,8328,8385,8326,8299
8080,8068,8088,8145,8086,8059
8330,8318,8338,8395,8336,8309
8090,8078,8098,8155,8096,8069
8340,8328,8348,8405,8346,8319
8100,8088,8108,8165,8106,8079
8350,8338,8358,8415,8356,8329
8110,8098,8118,8175,8116,8089
8360,8348,8368,8425,8366,8339
8120,8108,8128,8185,8126,8099
8370,8358,8378,8435,8376,8349
8130,8118,8138,8195,8136,8109
8380,8368,8388,8445,8386,8359
8140,8128,8148,8205,8146,8119
8390,8378,8398,8455,8396,8369
8150,8138,8158,8215,8156,8129
8400,8388,8408,8465,8406,8379
8160,8148,8168,8225,8166,8139
8410,8398,8418,8475,8416,8389
8170,8158,8178,8235,8176,8149
8420,8408,8428,8485,8426,8399
8180,8168,8188,8245,8186,8159
8430,8418,8438,8495,8436,8409
8190,8178,8198,8255,8196,8169
8440,8428,8448,8505,8446,8419
8200,8188,8208,8265,8206,8179
8450,8438,8458,8515,8456,8429
8210,8198,8218,8275,8216,8189
8460,8448,8468,8525,8466,8439
8220,8208,8228,8285,8226,8199
8470,8458,8478,8535,8476,8449
8230,8218,8238,8295,8236,8209
8480,8468,8488,8545,8486,8459
8240,8228,8248,8305,8246,8219
8490,8478,8498,8555,8496,8469
8250,8238,8258,8315,8256,8229
8500,8488,8508,8565,8506,8479
8260,8248,8268,8325,8266,8239
8510,8498,8518,8575,8516,8489
8270,8258,8278,8335,8276,8249
8520,8508,8528,8585,8526,8499
8280,8268,8288,8345,8286,8259
8530,8518,8538,8595,8536,8509
8290,8278,8298,8355,8296,8269
8540,8528,8548,8605,8546,8519
8300,8288,8308,8365,8306,8279
8550,8538,8558,8615,8556,8529
8310,8298,8318,8375,8316,8289
8560,8548,8568,8625,8566,8539
8320,8308,8328,8385,8326,8299
8570,8558,8578,8635,8576,8549
8330,8318,8338,8395,8336,8309
8580,8568,8588,8645,8586,8559
8340,8328,8348,8405,8346,8319
8590,8578,8598,8655,8596,8569
8350,8338,8358,8415,8356,8329
8600,8588,8608,8665,8606,8579
8360,8348,8368,8425,8366,8339
8610,8598,8618,8675,8616,8589
8370,8358,8378,8435,8376,8349
8620,8608,8628,8685,8626,8599
8380,8368,8388,8445,8386,8359
8630,8618,8638,8695,8636,8609
8390,8378,8398,8455,8396,8369
8640,8628,8648,8705,8646,8619
8400,8388,8408,8465,8406,8379
8650,8638,8658,8715,8656,8629
8410,8398,8418,8475,8416,8389
8660,8648,8668,8725,8666,8639
8420,8408,8428,8485,8426,8399
8670,8658,8678,8735,8676,8649
8430,8418,8438,8495,8436,8409
8680,8668,8688,8745,8686,8659
8440,8428,8448,8505,8446,8419
8690,8678,8698,8755,8696,8669
8450,8438,8458,8515,8456,8429
8700,8688,8708,8765,8706,8679
8460,8448,8468,8525,8466,8439
8710,8698,8718,8775,8716,8689
8470,8458,8478,8535,8476,8449
8720,8708,8728,8785,8726,8699
8480,8468,8488,8545,8486,8459
8730,8718,8738,8795,8736,8709
8490,8478,8498,8555,8496,8469
8740,8728,8748,8805,8746,8719
8500,8488,8508,8565,8506,8479
8750,8738,8758,8815,8756,8729
8510,8498,8518,8575,8516,8489
8760,8748,8768,8825,8766,8739
8520,8508,8528,8585,8526,8499
8770,8758,8778,8835,8776,8749
8530,8518,8538,8595,8536,8509
8780,8768,8788,8845,8786,8759
8540,8528,8548,8605,8546,8519
8790,8778,8798,8855,8796,8769
8550,8538,8558,8615,8556,8529
8800,8788,8808,8865,8806,8779
8560,8548,8568,8625,8566,8539
8810,8798,8818,8875,8816,8789
8570,8558,8578,8635,8576,8549
8820,8808,8828,8885,8826,8799
8580,8568,8588,8645,8586,8559
8830,8818,8838,8895,8836,8806
8590,8578,8598,8655,8596,8569
8840,8828,8848,8905,8846,8816
8600,8588,8608,8665,8606,8579
8850,8838,8858,8915,8856,8826
8610,8598,8618,8675,8616,8589
8860,8854,8868,8925,8896,8836
8620,8608,8628,8685,8626,8599
8870,8864,8878,8935,8906,8846
8630,8618,8638,8695,8636,8609
8880,8874,8888,8945,8916,8856
8640,8628,8648,8705,8646,8619
8890,8884,8898,8955,8926,8866
8650,8638,8658,8715,8656,8629
8900,8894,8908,8965,8936,8876
8660,8648,8668,8725,8666,8639
8910,8904,8918,8975,8946,8886
8670,8658,8678,8735,8676,8649
8920,8914,8928,8985,8956,8896
8680,8668,8688,8745,8686,8659
8930,8924,8938,8995,8966,8906
8690,8678,8698,8755,8696,8669
8940,8934,8948,9005,8976,8916
8700,8688,8708,8765,8706,8679
8950,8944,8958,9015,8986,8926
8710,8698,8718,8775,8716,8689
8960,8954,8968,9025,8996,8936
8720,8708,8728,8785,8726,8699
8970,8964,8978,9035,9006,8946
8730,8718,8738,8795,8736,8709
8980,8974,8988,9045,9016,8956
8740,8728,8748,8805,8746,8719
8990,8984,8998,9055,9026,8966
8750,8738,8758,8815,8756,8729
9000,8994,9008,9065,9039,8976
8760,8748,8768,8825,8766,8739
9010,9004,9018,9075,9049,8986
8770,8758,8778,8835,8776,8749
9020,9014,9028,9085,9059,8996
8780,8768,8788,8845,8786,8759
9030,9024,9038,9095,9069,9006
8790,8778,8798,8855,8796,8769
9040,9034,9048,9105,9079,9016
8800,8788,8808,8865,8806,8779
9050,9044,9058,9115,9089,9026
8810,8798,8818,8875,8816,8789
9060,9054,9068,9125,9099,9036
8820,8808,8828,8885,8826,8799
9070,9064,9078,9135,9109,9046
8830,8818,8838,8895,8836,8806
9080,9074,9088,9145,9119,9056
8840,8828,8848,8905,8846,8816
9090,9084,9098,9155,9129,9066
8850,8838,8858,8915,8856,8826
9100,9094,9108,9165,9139,9076
8860,8854,8868,8925,8896,8836
9110,9104,9118,9175,9149,9086
8870,8864,8878,8935,8906,8846
9120,9114,9128,9185,9159,9096
8880,8874,8888,8945,8916,8856
9130,9124,9138,9195,9169,9106
8890,8884,8898,8955,8926,8866
9140,9134,9148,9205,9179,9116
8900,8894,8908,8965,8936,8876
9150,9144,9158,9215,9189,9126
8910,8904,8918,8975,8946,8886
9160,9154,9168,9225,9199,9136
8920,8914,8928,8985,8956,8896
9170,9164,9178,9235,9209,9146
8930,8924,8938,8995,8966,8906
9180,9174,9188,9245,9219,9156
8940,8934,8948,9005,8976,8916
9190,9184,9198,9255,9229,9166
8950,8944,8958,9015,8986,8926
9200,9194,9208,9265,9239,9176
8960,8954,8968,9025,8996,8936
9210,9204,9218,9275,9249,9186
8970,8964,8978,9035,9006,8946
9220,9214,9228,9285,9259,9196
8980,8974,8988,9045,9016,8956
9230,9224,9238,9295,9269,9206
8990,8984,8998,9055,9026,8966
9240,9234,9248,9305,9279,9216
9000,8994,9008,9065,9039,8976
9250,9244,9258,9315,9289,9226
9010,9004,9018,9075,9049,8986
9260,9254,9268,9325,9299,9236
9020,9014,9028,9085,9059,8996
9270,9264,9275,9335,9309,9246
9030,9024,9038,9095,9069,9006
9280,9274,9285,9345,9319,9256
9040,9034,9048,9105,9079,9016
9290,9284,9295,9355,9329,9266
9050,9044,9058,9115,9089,9026
9300,9294,9305,9365,9339,9276
9060,9054,9068,9125,9099,9036
9310,9304,9315,9375,9349,9286
9070,9064,9078,9135,9109,9046
9320,9314,9325,9385,9359,9296
9080,9074,9088,9145,9119,9056
9330,9324,9335,9395,9369,9306
9090,9084,9098,9155,9129,9066
9340,9334,9345,9405,9379,9316
9100,9094,9108,9165,9139,9076
9350,9344,9355,9415,9389,9326
9110,9104,9118,9175,9149,9086
9360,9354,9365,9425,9399,9336
9120,9114,9128,9185,9159,9096
9370,9364,9375,9435,9409,9346
9130,9124,9138,9195,9169,9106
9380,9374,9385,9445,9419,9356
9140,9134,9148,9205,9179,9116
9390,9384,9395,9455,9429,9366
9150,9144,9158,9215,9189,9126
9400,9394,9405,9465,9439,9376
9160,9154,9168,9225,9199,9136
9410,9404,9415,9475,9449,9386
9170,9164,9178,9235,9209,9146
9420,9414,9425,9485,9459,9396
9180,9174,9188,9245,9219,9156
9430,9423,9435,9495,9486,9406
9190,9184,9198,9255,9229,9166
9440,9433,9445,9505,9496,9416
9200,9194,9208,9265,9239,9176
9450,9443,9455,9515,9506,9426
9210,9204,9218,9275,9249,9186
9460,9453,9465,9525,9517,9436
9220,9214,9228,9285,9259,9196
9470,9464,9475,9535,9527,9446
9230,9224,9238,9295,9269,9206
9480,9474,9485,9545,9537,9456
9240,9234,9248,9305,9279,9216
9490,9484,9495,9555,9547,9466
9250,9244,9258,9315,9289,9226
9500,9494,9505,9565,9557,9476
9260,9254,9268,9325,9299,9236
9510,9504,9515,9576,9567,9486
9270,9264,9275,9335,9309,9246
9520,9514,9525,9586,9577,9496
9280,9274,9285,9345,9319,9256
9530,9524,9535,9596,9587,9506
9290,9284,9295,9355,9329,9266
9540,9534,9545,9606,9597,9516
9300,9294,9305,9365,9339,9276
9550,9544,9555,9616,9607,9526
9310,9304,9315,9375,9349,9286
9560,9554,9565,9626,9617,9536
9320,9314,9325,9385,9359,9296
9570,9564,9575,9636,9627,9546
9330,9324,9335,9395,9369,9306
9580,9574,9585,9646,9637,9556
9340,9334,9345,9405,9379,9316
9590,9584,9595,9656,9647,9566
9350,9344,9355,9415,9389,9326
9600,9594,9605,9666,9657,9576
9360,9354,9365,9425,9399,9336
9610,9604,9615,9676,9667,9586
9370,9364,9375,9435,9409,9346
9620,9614,9625,9686,9677,9596
9380,9374,9385,9445,9419,9356
9630,9624,9635,9696,9687,9606
9390,9384,9395,9455,9429,9366
9640,9634,9645,9706,9697,9616
9400,9394,9405,9465,9439,9376
9650,9644,9655,9716,9707,9626
9410,9404,9415,9475,9449,9386
9660,9654,9665,9726,9717,9636
9420,9414,9425,9485,9459,9396
9670,9664,9675,9736,9727,9646
9430,9423,9435,9495,9486,9406
9680,9674,9685,9746,9737,9656
9440,9433,9445,9505,9496,9416
9690,9684,9695,9755,9747,9666
9450,9443,9455,9515,9506,9426
9700,9694,9705,9765,9757,9676
9460,9453,9465,9525,9517,9436
9710,9704,9715,9775,9767,9686
