HXB2 base,HXB2 base position
t,1
g,2
g,3
a,4
a,5
g,6
g,7
g,8
c,9
t,10
a,11
a,12
t,13
t,14
c,15
a,16
c,17
t,18
c,19
c,20
c,21
a,22
a,23
c,24
g,25
a,26
a,27
g,28
a,29
c,30
a,31
a,32
g,33
a,34
t,35
a,36
t,37
c,38
c,39
t,40
t,41
g,42
a,43
t,44
c,45
t,46
g,47
t,48
g,49
g,50
a,51
t,52
c,53
t,54
a,55
c,56
c,57
a,58
c,59
a,60
c,61
a,62
c,63
a,64
a,65
g,66
g,67
c,68
t,69
a,70
c,71
t,72
t,73
c,74
c,75
c,76
t,77
g,78
a,79
t,80
t,81
a,82
g,83
c,84
a,85
g,86
a,87
a,88
c,89
t,90
a,91
c,92
a,93
c,94
a,95
c,96
c,97
a,98
g,99
g,100
g,101
c,102
c,103
a,104
g,105
g,106
g,107
a,108
t,109
c,110
a,111
g,112
a,113
t,114
a,115
t,116
c,117
c,118
a,119
c,120
t,121
g,122
a,123
c,124
c,125
t,126
t,127
t,128
g,129
g,130
a,131
t,132
g,133
g,134
t,135
g,136
c,137
t,138
a,139
c,140
a,141
a,142
g,143
c,144
t,145
a,146
g,147
t,148
a,149
c,150
c,151
a,152
g,153
t,154
t,155
g,156
a,157
g,158
c,159
c,160
a,161
g,162
a,163
g,164
a,165
a,166
g,167
t,168
t,169
a,170
g,171
a,172
a,173
g,174
a,175
a,176
g,177
c,178
c,179
a,180
a,181
c,182
a,183
a,184
a,185
g,186
g,187
a,188
g,189
a,190
g,191
a,192
a,193
c,194
a,195
c,196
c,197
a,198
g,199
c,200
t,201
t,202
g,203
t,204
t,205
a,206
c,207
a,208
c,209
c,210
c,211
t,212
g,213
t,214
g,215
a,216
g,217
c,218
c,219
t,220
g,221
c,222
a,223
t,224
g,225
g,226
a,227
a,228
t,229
g,230
g,231
a,232
t,233
g,234
a,235
c,236
c,237
c,238
g,239
g,240
a,241
g,242
a,243
g,244
a,245
g,246
a,247
a,248
g,249
t,250
g,251
t,252
t,253
a,254
g,255
a,256
g,257
t,258
g,259
g,260
a,261
g,262
g,263
t,264
t,265
t,266
g,267
a,268
c,269
a,270
g,271
c,272
c,273
g,274
c,275
c,276
t,277
a,278
g,279
c,280
a,281
t,282
t,283
t,284
c,285
a,286
t,287
c,288
a,289
c,290
a,291
t,292
g,293
g,294
c,295
c,296
c,297
g,298
a,299
g,300
a,301
g,302
c,303
t,304
g,305
c,306
a,307
t,308
c,309
c,310
g,311
g,312
a,313
g,314
t,315
a,316
c,317
t,318
t,319
c,320
a,321
a,322
g,323
a,324
a,325
c,326
t,327
g,328
c,329
t,330
g,331
a,332
c,333
a,334
t,335
c,336
g,337
a,338
g,339
c,340
t,341
t,342
g,343
c,344
t,345
a,346
c,347
a,348
a,349
g,350
g,351
g,352
a,353
c,354
t,355
t,356
t,357
c,358
c,359
g,360
c,361
t,362
g,363
g,364
g,365
g,366
a,367
c,368
t,369
t,370
t,371
c,372
c,373
a,374
g,375
g,376
g,377
a,378
g,379
g,380
c,381
g,382
t,383
g,384
g,385
c,386
c,387
t,388
g,389
g,390
g,391
c,392
g,393
g,394
g,395
a,396
c,397
t,398
g,399
g,400
g,401
g,402
a,403
g,404
t,405
g,406
g,407
c,408
g,409
a,410
g,411
c,412
c,413
c,414
t,415
c,416
a,417
g,418
a,419
t,420
c,421
c,422
t,423
g,424
c,425
a,426
t,427
a,428
t,429
a,430
a,431
g,432
c,433
a,434
g,435
c,436
t,437
g,438
c,439
t,440
t,441
t,442
t,443
t,444
g,445
c,446
c,447
t,448
g,449
t,450
a,451
c,452
t,453
g,454
g,455
g,456
t,457
c,458
t,459
c,460
t,461
c,462
t,463
g,464
g,465
t,466
t,467
a,468
g,469
a,470
c,471
c,472
a,473
g,474
a,475
t,476
c,477
t,478
g,479
a,480
g,481
c,482
c,483
t,484
g,485
g,486
g,487
a,488
g,489
c,490
t,491
c,492
t,493
c,494
t,495
g,496
g,497
c,498
t,499
a,500
a,501
c,502
t,503
a,504
g,505
g,506
g,507
a,508
a,509
c,510
c,511
c,512
a,513
c,514
t,515
g,516
c,517
t,518
t,519
a,520
a,521
g,522
c,523
c,524
t,525
c,526
a,527
a,528
t,529
a,530
a,531
a,532
g,533
c,534
t,535
t,536
g,537
c,538
c,539
t,540
t,541
g,542
a,543
g,544
t,545
g,546
c,547
t,548
t,549
c,550
a,551
a,552
g,553
t,554
a,555
g,556
t,557
g,558
t,559
g,560
t,561
g,562
c,563
c,564
c,565
g,566
t,567
c,568
t,569
g,570
t,571
t,572
g,573
t,574
g,575
t,576
g,577
a,578
c,579
t,580
c,581
t,582
g,583
g,584
t,585
a,586
a,587
c,588
t,589
a,590
g,591
a,592
g,593
a,594
t,595
c,596
c,597
c,598
t,599
c,600
a,601
g,602
a,603
c,604
c,605
c,606
t,607
t,608
t,609
t,610
a,611
g,612
t,613
c,614
a,615
g,616
t,617
g,618
t,619
g,620
g,621
a,622
a,623
a,624
a,625
t,626
c,627
t,628
c,629
t,630
a,631
g,632
c,633
a,634
g,635
t,636
g,637
g,638
c,639
g,640
c,641
c,642
c,643
g,644
a,645
a,646
c,647
a,648
g,649
g,650
g,651
a,652
c,653
c,654
t,655
g,656
a,657
a,658
a,659
g,660
c,661
g,662
a,663
a,664
a,665
g,666
g,667
g,668
a,669
a,670
a,671
c,672
c,673
a,674
g,675
a,676
g,677
g,678
a,679
g,680
c,681
t,682
c,683
t,684
c,685
t,686
c,687
g,688
a,689
c,690
g,691
c,692
a,693
g,694
g,695
a,696
c,697
t,698
c,699
g,700
g,701
c,702
t,703
t,704
g,705
c,706
t,707
g,708
a,709
a,710
g,711
c,712
g,713
c,714
g,715
c,716
a,717
c,718
g,719
g,720
c,721
a,722
a,723
g,724
a,725
g,726
g,727
c,728
g,729
a,730
g,731
g,732
g,733
g,734
c,735
g,736
g,737
c,738
g,739
a,740
c,741
t,742
g,743
g,744
t,745
g,746
a,747
g,748
t,749
a,750
c,751
g,752
c,753
c,754
a,755
a,756
a,757
a,758
a,759
t,760
t,761
t,762
t,763
g,764
a,765
c,766
t,767
a,768
g,769
c,770
g,771
g,772
a,773
g,774
g,775
c,776
t,777
a,778
g,779
a,780
a,781
g,782
g,783
a,784
g,785
a,786
g,787
a,788
g,789
a,790
t,791
g,792
g,793
g,794
t,795
g,796
c,797
g,798
a,799
g,800
a,801
g,802
c,803
g,804
t,805
c,806
a,807
g,808
t,809
a,810
t,811
t,812
a,813
a,814
g,815
c,816
g,817
g,818
g,819
g,820
g,821
a,822
g,823
a,824
a,825
t,826
t,827
a,828
g,829
a,830
t,831
c,832
g,833
a,834
t,835
g,836
g,837
g,838
a,839
a,840
a,841
a,842
a,843
a,844
t,845
t,846
c,847
g,848
g,849
t,850
t,851
a,852
a,853
g,854
g,855
c,856
c,857
a,858
g,859
g,860
g,861
g,862
g,863
a,864
a,865
a,866
g,867
a,868
a,869
a,870
a,871
a,872
a,873
t,874
a,875
t,876
a,877
a,878
a,879
t,880
t,881
a,882
a,883
a,884
a,885
c,886
a,887
t,888
a,889
t,890
a,891
g,892
t,893
a,894
t,895
g,896
g,897
g,898
c,899
a,900
a,901
g,902
c,903
a,904
g,905
g,906
g,907
a,908
g,909
c,910
t,911
a,912
g,913
a,914
a,915
c,916
g,917
a,918
t,919
t,920
c,921
g,922
c,923
a,924
g,925
t,926
t,927
a,928
a,929
t,930
c,931
c,932
t,933
g,934
g,935
c,936
c,937
t,938
g,939
t,940
t,941
a,942
g,943
a,944
a,945
a,946
c,947
a,948
t,949
c,950
a,951
g,952
a,953
a,954
g,955
g,956
c,957
t,958
g,959
t,960
a,961
g,962
a,963
c,964
a,965
a,966
a,967
t,968
a,969
c,970
t,971
g,972
g,973
g,974
a,975
c,976
a,977
g,978
c,979
t,980
a,981
c,982
a,983
a,984
c,985
c,986
a,987
t,988
c,989
c,990
c,991
t,992
t,993
c,994
a,995
g,996
a,997
c,998
a,999
g,1000
g,1001
a,1002
t,1003
c,1004
a,1005
g,1006
a,1007
a,1008
g,1009
a,1010
a,1011
c,1012
t,1013
t,1014
a,1015
g,1016
a,1017
t,1018
c,1019
a,1020
t,1021
t,1022
a,1023
t,1024
a,1025
t,1026
a,1027
a,1028
t,1029
a,1030
c,1031
a,1032
g,1033
t,1034
a,1035
g,1036
c,1037
a,1038
a,1039
c,1040
c,1041
c,1042
t,1043
c,1044
t,1045
a,1046
t,1047
t,1048
g,1049
t,1050
g,1051
t,1052
g,1053
c,1054
a,1055
t,1056
c,1057
a,1058
a,1059
a,1060
g,1061
g,1062
a,1063
t,1064
a,1065
g,1066
a,1067
g,1068
a,1069
t,1070
a,1071
a,1072
a,1073
a,1074
g,1075
a,1076
c,1077
a,1078
c,1079
c,1080
a,1081
a,1082
g,1083
g,1084
a,1085
a,1086
g,1087
c,1088
t,1089
t,1090
t,1091
a,1092
g,1093
a,1094
c,1095
a,1096
a,1097
g,1098
a,1099
t,1100
a,1101
g,1102
a,1103
g,1104
g,1105
a,1106
a,1107
g,1108
a,1109
g,1110
c,1111
a,1112
a,1113
a,1114
a,1115
c,1116
a,1117
a,1118
a,1119
a,1120
g,1121
t,1122
a,1123
a,1124
g,1125
a,1126
a,1127
a,1128
a,1129
a,1130
a,1131
g,1132
c,1133
a,1134
c,1135
a,1136
g,1137
c,1138
a,1139
a,1140
g,1141
c,1142
a,1143
g,1144
c,1145
a,1146
g,1147
c,1148
t,1149
g,1150
a,1151
c,1152
a,1153
c,1154
a,1155
g,1156
g,1157
a,1158
c,1159
a,1160
c,1161
a,1162
g,1163
c,1164
a,1165
a,1166
t,1167
c,1168
a,1169
g,1170
g,1171
t,1172
c,1173
a,1174
g,1175
c,1176
c,1177
a,1178
a,1179
a,1180
a,1181
t,1182
t,1183
a,1184
c,1185
c,1186
c,1187
t,1188
a,1189
t,1190
a,1191
g,1192
t,1193
g,1194
c,1195
a,1196
g,1197
a,1198
a,1199
c,1200
a,1201
t,1202
c,1203
c,1204
a,1205
g,1206
g,1207
g,1208
g,1209
c,1210
a,1211
a,1212
a,1213
t,1214
g,1215
g,1216
t,1217
a,1218
c,1219
a,1220
t,1221
c,1222
a,1223
g,1224
g,1225
c,1226
c,1227
a,1228
t,1229
a,1230
t,1231
c,1232
a,1233
c,1234
c,1235
t,1236
a,1237
g,1238
a,1239
a,1240
c,1241
t,1242
t,1243
t,1244
a,1245
a,1246
a,1247
t,1248
g,1249
c,1250
a,1251
t,1252
g,1253
g,1254
g,1255
t,1256
a,1257
a,1258
a,1259
a,1260
g,1261
t,1262
a,1263
g,1264
t,1265
a,1266
g,1267
a,1268
a,1269
g,1270
a,1271
g,1272
a,1273
a,1274
g,1275
g,1276
c,1277
t,1278
t,1279
t,1280
c,1281
a,1282
g,1283
c,1284
c,1285
c,1286
a,1287
g,1288
a,1289
a,1290
g,1291
t,1292
g,1293
a,1294
t,1295
a,1296
c,1297
c,1298
c,1299
a,1300
t,1301
g,1302
t,1303
t,1304
t,1305
t,1306
c,1307
a,1308
g,1309
c,1310
a,1311
t,1312
t,1313
a,1314
t,1315
c,1316
a,1317
g,1318
a,1319
a,1320
g,1321
g,1322
a,1323
g,1324
c,1325
c,1326
a,1327
c,1328
c,1329
c,1330
c,1331
a,1332
c,1333
a,1334
a,1335
g,1336
a,1337
t,1338
t,1339
t,1340
a,1341
a,1342
a,1343
c,1344
a,1345
c,1346
c,1347
a,1348
t,1349
g,1350
c,1351
t,1352
a,1353
a,1354
a,1355
c,1356
a,1357
c,1358
a,1359
g,1360
t,1361
g,1362
g,1363
g,1364
g,1365
g,1366
g,1367
a,1368
c,1369
a,1370
t,1371
c,1372
a,1373
a,1374
g,1375
c,1376
a,1377
g,1378
c,1379
c,1380
a,1381
t,1382
g,1383
c,1384
a,1385
a,1386
a,1387
t,1388
g,1389
t,1390
t,1391
a,1392
a,1393
a,1394
a,1395
g,1396
a,1397
g,1398
a,1399
c,1400
c,1401
a,1402
t,1403
c,1404
a,1405
a,1406
t,1407
g,1408
a,1409
g,1410
g,1411
a,1412
a,1413
g,1414
c,1415
t,1416
g,1417
c,1418
a,1419
g,1420
a,1421
a,1422
t,1423
g,1424
g,1425
g,1426
a,1427
t,1428
a,1429
g,1430
a,1431
g,1432
t,1433
g,1434
c,1435
a,1436
t,1437
c,1438
c,1439
a,1440
g,1441
t,1442
g,1443
c,1444
a,1445
t,1446
g,1447
c,1448
a,1449
g,1450
g,1451
g,1452
c,1453
c,1454
t,1455
a,1456
t,1457
t,1458
g,1459
c,1460
a,1461
c,1462
c,1463
a,1464
g,1465
g,1466
c,1467
c,1468
a,1469
g,1470
a,1471
t,1472
g,1473
a,1474
g,1475
a,1476
g,1477
a,1478
a,1479
c,1480
c,1481
a,1482
a,1483
g,1484
g,1485
g,1486
g,1487
a,1488
a,1489
g,1490
t,1491
g,1492
a,1493
c,1494
a,1495
t,1496
a,1497
g,1498
c,1499
a,1500
g,1501
g,1502
a,1503
a,1504
c,1505
t,1506
a,1507
c,1508
t,1509
a,1510
g,1511
t,1512
a,1513
c,1514
c,1515
c,1516
t,1517
t,1518
c,1519
a,1520
g,1521
g,1522
a,1523
a,1524
c,1525
a,1526
a,1527
a,1528
t,1529
a,1530
g,1531
g,1532
a,1533
t,1534
g,1535
g,1536
a,1537
t,1538
g,1539
a,1540
c,1541
a,1542
a,1543
a,1544
t,1545
a,1546
a,1547
t,1548
c,1549
c,1550
a,1551
c,1552
c,1553
t,1554
a,1555
t,1556
c,1557
c,1558
c,1559
a,1560
g,1561
t,1562
a,1563
g,1564
g,1565
a,1566
g,1567
a,1568
a,1569
a,1570
t,1571
t,1572
t,1573
a,1574
t,1575
a,1576
a,1577
a,1578
a,1579
g,1580
a,1581
t,1582
g,1583
g,1584
a,1585
t,1586
a,1587
a,1588
t,1589
c,1590
c,1591
t,1592
g,1593
g,1594
g,1595
a,1596
t,1597
t,1598
a,1599
a,1600
a,1601
t,1602
a,1603
a,1604
a,1605
a,1606
t,1607
a,1608
g,1609
t,1610
a,1611
a,1612
g,1613
a,1614
a,1615
t,1616
g,1617
t,1618
a,1619
t,1620
a,1621
g,1622
c,1623
c,1624
c,1625
t,1626
a,1627
c,1628
c,1629
a,1630
g,1631
c,1632
a,1633
t,1634
t,1635
c,1636
t,1637
g,1638
g,1639
a,1640
c,1641
a,1642
t,1643
a,1644
a,1645
g,1646
a,1647
c,1648
a,1649
a,1650
g,1651
g,1652
a,1653
c,1654
c,1655
a,1656
a,1657
a,1658
g,1659
g,1660
a,1661
a,1662
c,1663
c,1664
c,1665
t,1666
t,1667
t,1668
a,1669
g,1670
a,1671
g,1672
a,1673
c,1674
t,1675
a,1676
t,1677
g,1678
t,1679
a,1680
g,1681
a,1682
c,1683
c,1684
g,1685
g,1686
t,1687
t,1688
c,1689
t,1690
a,1691
t,1692
a,1693
a,1694
a,1695
a,1696
c,1697
t,1698
c,1699
t,1700
a,1701
a,1702
g,1703
a,1704
g,1705
c,1706
c,1707
g,1708
a,1709
g,1710
c,1711
a,1712
a,1713
g,1714
c,1715
t,1716
t,1717
c,1718
a,1719
c,1720
a,1721
g,1722
g,1723
a,1724
g,1725
g,1726
t,1727
a,1728
a,1729
a,1730
a,1731
a,1732
a,1733
t,1734
t,1735
g,1736
g,1737
a,1738
t,1739
g,1740
a,1741
c,1742
a,1743
g,1744
a,1745
a,1746
a,1747
c,1748
c,1749
t,1750
t,1751
g,1752
t,1753
t,1754
g,1755
g,1756
t,1757
c,1758
c,1759
a,1760
a,1761
a,1762
a,1763
t,1764
g,1765
c,1766
g,1767
a,1768
a,1769
c,1770
c,1771
c,1772
a,1773
g,1774
a,1775
t,1776
t,1777
g,1778
t,1779
a,1780
a,1781
g,1782
a,1783
c,1784
t,1785
a,1786
t,1787
t,1788
t,1789
t,1790
a,1791
a,1792
a,1793
a,1794
g,1795
c,1796
a,1797
t,1798
t,1799
g,1800
g,1801
g,1802
a,1803
c,1804
c,1805
a,1806
g,1807
c,1808
g,1809
g,1810
c,1811
t,1812
a,1813
c,1814
a,1815
c,1816
t,1817
a,1818
g,1819
a,1820
a,1821
g,1822
a,1823
a,1824
a,1825
t,1826
g,1827
a,1828
t,1829
g,1830
a,1831
c,1832
a,1833
g,1834
c,1835
a,1836
t,1837
g,1838
t,1839
c,1840
a,1841
g,1842
g,1843
g,1844
a,1845
g,1846
t,1847
a,1848
g,1849
g,1850
a,1851
g,1852
g,1853
a,1854
c,1855
c,1856
c,1857
g,1858
g,1859
c,1860
c,1861
a,1862
t,1863
a,1864
a,1865
g,1866
g,1867
c,1868
a,1869
a,1870
g,1871
a,1872
g,1873
t,1874
t,1875
t,1876
t,1877
g,1878
g,1879
c,1880
t,1881
g,1882
a,1883
a,1884
g,1885
c,1886
a,1887
a,1888
t,1889
g,1890
a,1891
g,1892
c,1893
c,1894
a,1895
a,1896
g,1897
t,1898
a,1899
a,1900
c,1901
a,1902
a,1903
a,1904
t,1905
t,1906
c,1907
a,1908
g,1909
c,1910
t,1911
a,1912
c,1913
c,1914
a,1915
t,1916
a,1917
a,1918
t,1919
g,1920
a,1921
t,1922
g,1923
c,1924
a,1925
g,1926
a,1927
g,1928
a,1929
g,1930
g,1931
c,1932
a,1933
a,1934
t,1935
t,1936
t,1937
t,1938
a,1939
g,1940
g,1941
a,1942
a,1943
c,1944
c,1945
a,1946
a,1947
a,1948
g,1949
a,1950
a,1951
a,1952
g,1953
a,1954
t,1955
t,1956
g,1957
t,1958
t,1959
a,1960
a,1961
g,1962
t,1963
g,1964
t,1965
t,1966
t,1967
c,1968
a,1969
a,1970
t,1971
t,1972
g,1973
t,1974
g,1975
g,1976
c,1977
a,1978
a,1979
a,1980
g,1981
a,1982
a,1983
g,1984
g,1985
g,1986
c,1987
a,1988
c,1989
a,1990
c,1991
a,1992
g,1993
c,1994
c,1995
a,1996
g,1997
a,1998
a,1999
a,2000
t,2001
t,2002
g,2003
c,2004
a,2005
g,2006
g,2007
g,2008
c,2009
c,2010
c,2011
c,2012
t,2013
a,2014
g,2015
g,2016
a,2017
a,2018
a,2019
a,2020
a,2021
g,2022
g,2023
g,2024
c,2025
t,2026
g,2027
t,2028
t,2029
g,2030
g,2031
a,2032
a,2033
a,2034
t,2035
g,2036
t,2037
g,2038
g,2039
a,2040
a,2041
a,2042
g,2043
g,2044
a,2045
a,2046
g,2047
g,2048
a,2049
c,2050
a,2051
c,2052
c,2053
a,2054
a,2055
a,2056
t,2057
g,2058
a,2059
a,2060
a,2061
g,2062
a,2063
t,2064
t,2065
g,2066
t,2067
a,2068
c,2069
t,2070
g,2071
a,2072
g,2073
a,2074
g,2075
a,2076
c,2077
a,2078
g,2079
g,2080
c,2081
t,2082
a,2083
a,2084
t,2085
t,2086
t,2087
t,2088
t,2089
t,2090
a,2091
g,2092
g,2093
g,2094
a,2095
a,2096
g,2097
a,2098
t,2099
c,2100
t,2101
g,2102
g,2103
c,2104
c,2105
t,2106
t,2107
c,2108
c,2109
t,2110
a,2111
c,2112
a,2113
a,2114
g,2115
g,2116
g,2117
a,2118
a,2119
g,2120
g,2121
c,2122
c,2123
a,2124
g,2125
g,2126
g,2127
a,2128
a,2129
t,2130
t,2131
t,2132
t,2133
c,2134
t,2135
t,2136
c,2137
a,2138
g,2139
a,2140
g,2141
c,2142
a,2143
g,2144
a,2145
c,2146
c,2147
a,2148
g,2149
a,2150
g,2151
c,2152
c,2153
a,2154
a,2155
c,2156
a,2157
g,2158
c,2159
c,2160
c,2161
c,2162
a,2163
c,2164
c,2165
a,2166
g,2167
a,2168
a,2169
g,2170
a,2171
g,2172
a,2173
g,2174
c,2175
t,2176
t,2177
c,2178
a,2179
g,2180
g,2181
t,2182
c,2183
t,2184
g,2185
g,2186
g,2187
g,2188
t,2189
a,2190
g,2191
a,2192
g,2193
a,2194
c,2195
a,2196
a,2197
c,2198
a,2199
a,2200
c,2201
t,2202
c,2203
c,2204
c,2205
c,2206
c,2207
t,2208
c,2209
a,2210
g,2211
a,2212
a,2213
g,2214
c,2215
a,2216
g,2217
g,2218
a,2219
g,2220
c,2221
c,2222
g,2223
a,2224
t,2225
a,2226
g,2227
a,2228
c,2229
a,2230
a,2231
g,2232
g,2233
a,2234
a,2235
c,2236
t,2237
g,2238
t,2239
a,2240
t,2241
c,2242
c,2243
t,2244
t,2245
t,2246
a,2247
a,2248
c,2249
t,2250
t,2251
c,2252
c,2253
c,2254
t,2255
c,2256
a,2257
g,2258
g,2259
t,2260
c,2261
a,2262
c,2263
t,2264
c,2265
t,2266
t,2267
t,2268
g,2269
g,2270
c,2271
a,2272
a,2273
c,2274
g,2275
a,2276
c,2277
c,2278
c,2279
c,2280
t,2281
c,2282
g,2283
t,2284
c,2285
a,2286
c,2287
a,2288
a,2289
t,2290
a,2291
a,2292
a,2293
g,2294
a,2295
t,2296
a,2297
g,2298
g,2299
g,2300
g,2301
g,2302
g,2303
c,2304
a,2305
a,2306
c,2307
t,2308
a,2309
a,2310
a,2311
g,2312
g,2313
a,2314
a,2315
g,2316
c,2317
t,2318
c,2319
t,2320
a,2321
t,2322
t,2323
a,2324
g,2325
a,2326
t,2327
a,2328
c,2329
a,2330
g,2331
g,2332
a,2333
g,2334
c,2335
a,2336
g,2337
a,2338
t,2339
g,2340
a,2341
t,2342
a,2343
c,2344
a,2345
g,2346
t,2347
a,2348
t,2349
t,2350
a,2351
g,2352
a,2353
a,2354
g,2355
a,2356
a,2357
a,2358
t,2359
g,2360
a,2361
g,2362
t,2363
t,2364
t,2365
g,2366
c,2367
c,2368
a,2369
g,2370
g,2371
a,2372
a,2373
g,2374
a,2375
t,2376
g,2377
g,2378
a,2379
a,2380
a,2381
c,2382
c,2383
a,2384
a,2385
a,2386
a,2387
a,2388
t,2389
g,2390
a,2391
t,2392
a,2393
g,2394
g,2395
g,2396
g,2397
g,2398
a,2399
a,2400
t,2401
t,2402
g,2403
g,2404
a,2405
g,2406
g,2407
t,2408
t,2409
t,2410
t,2411
a,2412
t,2413
c,2414
a,2415
a,2416
a,2417
g,2418
t,2419
a,2420
a,2421
g,2422
a,2423
c,2424
a,2425
g,2426
t,2427
a,2428
t,2429
g,2430
a,2431
t,2432
c,2433
a,2434
g,2435
a,2436
t,2437
a,2438
c,2439
t,2440
c,2441
a,2442
t,2443
a,2444
g,2445
a,2446
a,2447
a,2448
t,2449
c,2450
t,2451
g,2452
t,2453
g,2454
g,2455
a,2456
c,2457
a,2458
t,2459
a,2460
a,2461
a,2462
g,2463
c,2464
t,2465
a,2466
t,2467
a,2468
g,2469
g,2470
t,2471
a,2472
c,2473
a,2474
g,2475
t,2476
a,2477
t,2478
t,2479
a,2480
g,2481
t,2482
a,2483
g,2484
g,2485
a,2486
c,2487
c,2488
t,2489
a,2490
c,2491
a,2492
c,2493
c,2494
t,2495
g,2496
t,2497
c,2498
a,2499
a,2500
c,2501
a,2502
t,2503
a,2504
a,2505
t,2506
t,2507
g,2508
g,2509
a,2510
a,2511
g,2512
a,2513
a,2514
a,2515
t,2516
c,2517
t,2518
g,2519
t,2520
t,2521
g,2522
a,2523
c,2524
t,2525
c,2526
a,2527
g,2528
a,2529
t,2530
t,2531
g,2532
g,2533
t,2534
t,2535
g,2536
c,2537
a,2538
c,2539
t,2540
t,2541
t,2542
a,2543
a,2544
a,2545
t,2546
t,2547
t,2548
t,2549
c,2550
c,2551
c,2552
a,2553
t,2554
t,2555
a,2556
g,2557
c,2558
c,2559
c,2560
t,2561
a,2562
t,2563
t,2564
g,2565
a,2566
g,2567
a,2568
c,2569
t,2570
g,2571
t,2572
a,2573
c,2574
c,2575
a,2576
g,2577
t,2578
a,2579
a,2580
a,2581
a,2582
t,2583
t,2584
a,2585
a,2586
a,2587
g,2588
c,2589
c,2590
a,2591
g,2592
g,2593
a,2594
a,2595
t,2596
g,2597
g,2598
a,2599
t,2600
g,2601
g,2602
c,2603
c,2604
c,2605
a,2606
a,2607
a,2608
a,2609
g,2610
t,2611
t,2612
a,2613
a,2614
a,2615
c,2616
a,2617
a,2618
t,2619
g,2620
g,2621
c,2622
c,2623
a,2624
t,2625
t,2626
g,2627
a,2628
c,2629
a,2630
g,2631
a,2632
a,2633
g,2634
a,2635
a,2636
a,2637
a,2638
a,2639
a,2640
t,2641
a,2642
a,2643
a,2644
a,2645
g,2646
c,2647
a,2648
t,2649
t,2650
a,2651
g,2652
t,2653
a,2654
g,2655
a,2656
a,2657
a,2658
t,2659
t,2660
t,2661
g,2662
t,2663
a,2664
c,2665
a,2666
g,2667
a,2668
g,2669
a,2670
t,2671
g,2672
g,2673
a,2674
a,2675
a,2676
a,2677
g,2678
g,2679
a,2680
a,2681
g,2682
g,2683
g,2684
a,2685
a,2686
a,2687
a,2688
t,2689
t,2690
t,2691
c,2692
a,2693
a,2694
a,2695
a,2696
a,2697
t,2698
t,2699
g,2700
g,2701
g,2702
c,2703
c,2704
t,2705
g,2706
a,2707
a,2708
a,2709
a,2710
t,2711
c,2712
c,2713
a,2714
t,2715
a,2716
c,2717
a,2718
a,2719
t,2720
a,2721
c,2722
t,2723
c,2724
c,2725
a,2726
g,2727
t,2728
a,2729
t,2730
t,2731
t,2732
g,2733
c,2734
c,2735
a,2736
t,2737
a,2738
a,2739
a,2740
g,2741
a,2742
a,2743
a,2744
a,2745
a,2746
a,2747
g,2748
a,2749
c,2750
a,2751
g,2752
t,2753
a,2754
c,2755
t,2756
a,2757
a,2758
a,2759
t,2760
g,2761
g,2762
a,2763
g,2764
a,2765
a,2766
a,2767
a,2768
t,2769
t,2770
a,2771
g,2772
t,2773
a,2774
g,2775
a,2776
t,2777
t,2778
t,2779
c,2780
a,2781
g,2782
a,2783
g,2784
a,2785
a,2786
c,2787
t,2788
t,2789
a,2790
a,2791
t,2792
a,2793
a,2794
g,2795
a,2796
g,2797
a,2798
a,2799
c,2800
t,2801
c,2802
a,2803
a,2804
g,2805
a,2806
c,2807
t,2808
t,2809
c,2810
t,2811
g,2812
g,2813
g,2814
a,2815
a,2816
g,2817
t,2818
t,2819
c,2820
a,2821
a,2822
t,2823
t,2824
a,2825
g,2826
g,2827
a,2828
a,2829
t,2830
a,2831
c,2832
c,2833
a,2834
c,2835
a,2836
t,2837
c,2838
c,2839
c,2840
g,2841
c,2842
a,2843
g,2844
g,2845
g,2846
t,2847
t,2848
a,2849
a,2850
a,2851
a,2852
a,2853
a,2854
g,2855
a,2856
a,2857
a,2858
a,2859
a,2860
a,2861
t,2862
c,2863
a,2864
g,2865
t,2866
a,2867
a,2868
c,2869
a,2870
g,2871
t,2872
a,2873
c,2874
t,2875
g,2876
g,2877
a,2878
t,2879
g,2880
t,2881
g,2882
g,2883
g,2884
t,2885
g,2886
a,2887
t,2888
g,2889
c,2890
a,2891
t,2892
a,2893
t,2894
t,2895
t,2896
t,2897
t,2898
c,2899
a,2900
g,2901
t,2902
t,2903
c,2904
c,2905
c,2906
t,2907
t,2908
a,2909
g,2910
a,2911
t,2912
g,2913
a,2914
a,2915
g,2916
a,2917
c,2918
t,2919
t,2920
c,2921
a,2922
g,2923
g,2924
a,2925
a,2926
g,2927
t,2928
a,2929
t,2930
a,2931
c,2932
t,2933
g,2934
c,2935
a,2936
t,2937
t,2938
t,2939
a,2940
c,2941
c,2942
a,2943
t,2944
a,2945
c,2946
c,2947
t,2948
a,2949
g,2950
t,2951
a,2952
t,2953
a,2954
a,2955
a,2956
c,2957
a,2958
a,2959
t,2960
g,2961
a,2962
g,2963
a,2964
c,2965
a,2966
c,2967
c,2968
a,2969
g,2970
g,2971
g,2972
a,2973
t,2974
t,2975
a,2976
g,2977
a,2978
t,2979
a,2980
t,2981
c,2982
a,2983
g,2984
t,2985
a,2986
c,2987
a,2988
a,2989
t,2990
g,2991
t,2992
g,2993
c,2994
t,2995
t,2996
c,2997
c,2998
a,2999
c,3000
a,3001
g,3002
g,3003
g,3004
a,3005
t,3006
g,3007
g,3008
a,3009
a,3010
a,3011
g,3012
g,3013
a,3014
t,3015
c,3016
a,3017
c,3018
c,3019
a,3020
g,3021
c,3022
a,3023
a,3024
t,3025
a,3026
t,3027
t,3028
c,3029
c,3030
a,3031
a,3032
a,3033
g,3034
t,3035
a,3036
g,3037
c,3038
a,3039
t,3040
g,3041
a,3042
c,3043
a,3044
a,3045
a,3046
a,3047
a,3048
t,3049
c,3050
t,3051
t,3052
a,3053
g,3054
a,3055
g,3056
c,3057
c,3058
t,3059
t,3060
t,3061
t,3062
a,3063
g,3064
a,3065
a,3066
a,3067
a,3068
c,3069
a,3070
a,3071
a,3072
a,3073
t,3074
c,3075
c,3076
a,3077
g,3078
a,3079
c,3080
a,3081
t,3082
a,3083
g,3084
t,3085
t,3086
a,3087
t,3088
c,3089
t,3090
a,3091
t,3092
c,3093
a,3094
a,3095
t,3096
a,3097
c,3098
a,3099
t,3100
g,3101
g,3102
a,3103
t,3104
g,3105
a,3106
t,3107
t,3108
t,3109
g,3110
t,3111
a,3112
t,3113
g,3114
t,3115
a,3116
g,3117
g,3118
a,3119
t,3120
c,3121
t,3122
g,3123
a,3124
c,3125
t,3126
t,3127
a,3128
g,3129
a,3130
a,3131
a,3132
t,3133
a,3134
g,3135
g,3136
g,3137
c,3138
a,3139
g,3140
c,3141
a,3142
t,3143
a,3144
g,3145
a,3146
a,3147
c,3148
a,3149
a,3150
a,3151
a,3152
a,3153
t,3154
a,3155
g,3156
a,3157
g,3158
g,3159
a,3160
g,3161
c,3162
t,3163
g,3164
a,3165
g,3166
a,3167
c,3168
a,3169
a,3170
c,3171
a,3172
t,3173
c,3174
t,3175
g,3176
t,3177
t,3178
g,3179
a,3180
g,3181
g,3182
t,3183
g,3184
g,3185
g,3186
g,3187
a,3188
c,3189
t,3190
t,3191
a,3192
c,3193
c,3194
a,3195
c,3196
a,3197
c,3198
c,3199
a,3200
g,3201
a,3202
c,3203
a,3204
a,3205
a,3206
a,3207
a,3208
a,3209
c,3210
a,3211
t,3212
c,3213
a,3214
g,3215
a,3216
a,3217
a,3218
g,3219
a,3220
a,3221
c,3222
c,3223
t,3224
c,3225
c,3226
a,3227
t,3228
t,3229
c,3230
c,3231
t,3232
t,3233
t,3234
g,3235
g,3236
a,3237
t,3238
g,3239
g,3240
g,3241
t,3242
t,3243
a,3244
t,3245
g,3246
a,3247
a,3248
c,3249
t,3250
c,3251
c,3252
a,3253
t,3254
c,3255
c,3256
t,3257
g,3258
a,3259
t,3260
a,3261
a,3262
a,3263
t,3264
g,3265
g,3266
a,3267
c,3268
a,3269
g,3270
t,3271
a,3272
c,3273
a,3274
g,3275
c,3276
c,3277
t,3278
a,3279
t,3280
a,3281
g,3282
t,3283
g,3284
c,3285
t,3286
g,3287
c,3288
c,3289
a,3290
g,3291
a,3292
a,3293
a,3294
a,3295
a,3296
g,3297
a,3298
c,3299
a,3300
g,3301
c,3302
t,3303
g,3304
g,3305
a,3306
c,3307
t,3308
g,3309
t,3310
c,3311
a,3312
a,3313
t,3314
g,3315
a,3316
c,3317
a,3318
t,3319
a,3320
c,3321
a,3322
g,3323
a,3324
a,3325
g,3326
t,3327
t,3328
a,3329
g,3330
t,3331
g,3332
g,3333
g,3334
g,3335
a,3336
a,3337
a,3338
t,3339
t,3340
g,3341
a,3342
a,3343
t,3344
t,3345
g,3346
g,3347
g,3348
c,3349
a,3350
a,3351
g,3352
t,3353
c,3354
a,3355
g,3356
a,3357
t,3358
t,3359
t,3360
a,3361
c,3362
c,3363
c,3364
a,3365
g,3366
g,3367
g,3368
a,3369
t,3370
t,3371
a,3372
a,3373
a,3374
g,3375
t,3376
a,3377
a,3378
g,3379
g,3380
c,3381
a,3382
a,3383
t,3384
t,3385
a,3386
t,3387
g,3388
t,3389
a,3390
a,3391
a,3392
c,3393
t,3394
c,3395
c,3396
t,3397
t,3398
a,3399
g,3400
a,3401
g,3402
g,3403
a,3404
a,3405
c,3406
c,3407
a,3408
a,3409
a,3410
g,3411
c,3412
a,3413
c,3414
t,3415
a,3416
a,3417
c,3418
a,3419
g,3420
a,3421
a,3422
g,3423
t,3424
a,3425
a,3426
t,3427
a,3428
c,3429
c,3430
a,3431
c,3432
t,3433
a,3434
a,3435
c,3436
a,3437
g,3438
a,3439
a,3440
g,3441
a,3442
a,3443
g,3444
c,3445
a,3446
g,3447
a,3448
g,3449
c,3450
t,3451
a,3452
g,3453
a,3454
a,3455
c,3456
t,3457
g,3458
g,3459
c,3460
a,3461
g,3462
a,3463
a,3464
a,3465
a,3466
c,3467
a,3468
g,3469
a,3470
g,3471
a,3472
g,3473
a,3474
t,3475
t,3476
c,3477
t,3478
a,3479
a,3480
a,3481
a,3482
g,3483
a,3484
a,3485
c,3486
c,3487
a,3488
g,3489
t,3490
a,3491
c,3492
a,3493
t,3494
g,3495
g,3496
a,3497
g,3498
t,3499
g,3500
t,3501
a,3502
t,3503
t,3504
a,3505
t,3506
g,3507
a,3508
c,3509
c,3510
c,3511
a,3512
t,3513
c,3514
a,3515
a,3516
a,3517
a,3518
g,3519
a,3520
c,3521
t,3522
t,3523
a,3524
a,3525
t,3526
a,3527
g,3528
c,3529
a,3530
g,3531
a,3532
a,3533
a,3534
t,3535
a,3536
c,3537
a,3538
g,3539
a,3540
a,3541
g,3542
c,3543
a,3544
g,3545
g,3546
g,3547
g,3548
c,3549
a,3550
a,3551
g,3552
g,3553
c,3554
c,3555
a,3556
a,3557
t,3558
g,3559
g,3560
a,3561
c,3562
a,3563
t,3564
a,3565
t,3566
c,3567
a,3568
a,3569
a,3570
t,3571
t,3572
t,3573
a,3574
t,3575
c,3576
a,3577
a,3578
g,3579
a,3580
g,3581
c,3582
c,3583
a,3584
t,3585
t,3586
t,3587
a,3588
a,3589
a,3590
a,3591
a,3592
t,3593
c,3594
t,3595
g,3596
a,3597
a,3598
a,3599
a,3600
c,3601
a,3602
g,3603
g,3604
a,3605
a,3606
a,3607
a,3608
t,3609
a,3610
t,3611
g,3612
c,3613
a,3614
a,3615
g,3616
a,3617
a,3618
t,3619
g,3620
a,3621
g,3622
g,3623
g,3624
g,3625
t,3626
g,3627
c,3628
c,3629
c,3630
a,3631
c,3632
a,3633
c,3634
t,3635
a,3636
a,3637
t,3638
g,3639
a,3640
t,3641
g,3642
t,3643
a,3644
a,3645
a,3646
a,3647
c,3648
a,3649
a,3650
t,3651
t,3652
a,3653
a,3654
c,3655
a,3656
g,3657
a,3658
g,3659
g,3660
c,3661
a,3662
g,3663
t,3664
g,3665
c,3666
a,3667
a,3668
a,3669
a,3670
a,3671
a,3672
t,3673
a,3674
a,3675
c,3676
c,3677
a,3678
c,3679
a,3680
g,3681
a,3682
a,3683
a,3684
g,3685
c,3686
a,3687
t,3688
a,3689
g,3690
t,3691
a,3692
a,3693
t,3694
a,3695
t,3696
g,3697
g,3698
g,3699
g,3700
a,3701
a,3702
a,3703
g,3704
a,3705
c,3706
t,3707
c,3708
c,3709
t,3710
a,3711
a,3712
a,3713
t,3714
t,3715
t,3716
a,3717
a,3718
a,3719
c,3720
t,3721
g,3722
c,3723
c,3724
c,3725
a,3726
t,3727
a,3728
c,3729
a,3730
a,3731
a,3732
a,3733
g,3734
g,3735
a,3736
a,3737
a,3738
c,3739
a,3740
t,3741
g,3742
g,3743
g,3744
a,3745
a,3746
a,3747
c,3748
a,3749
t,3750
g,3751
g,3752
t,3753
g,3754
g,3755
a,3756
c,3757
a,3758
g,3759
a,3760
g,3761
t,3762
a,3763
t,3764
t,3765
g,3766
g,3767
c,3768
a,3769
a,3770
g,3771
c,3772
c,3773
a,3774
c,3775
c,3776
t,3777
g,3778
g,3779
a,3780
t,3781
t,3782
c,3783
c,3784
t,3785
g,3786
a,3787
g,3788
t,3789
g,3790
g,3791
g,3792
a,3793
g,3794
t,3795
t,3796
t,3797
g,3798
t,3799
t,3800
a,3801
a,3802
t,3803
a,3804
c,3805
c,3806
c,3807
c,3808
t,3809
c,3810
c,3811
c,3812
t,3813
t,3814
a,3815
g,3816
t,3817
g,3818
a,3819
a,3820
a,3821
t,3822
t,3823
a,3824
t,3825
g,3826
g,3827
t,3828
a,3829
c,3830
c,3831
a,3832
g,3833
t,3834
t,3835
a,3836
g,3837
a,3838
g,3839
a,3840
a,3841
a,3842
g,3843
a,3844
a,3845
c,3846
c,3847
c,3848
a,3849
t,3850
a,3851
g,3852
t,3853
a,3854
g,3855
g,3856
a,3857
g,3858
c,3859
a,3860
g,3861
a,3862
a,3863
a,3864
c,3865
c,3866
t,3867
t,3868
c,3869
t,3870
a,3871
t,3872
g,3873
t,3874
a,3875
g,3876
a,3877
t,3878
g,3879
g,3880
g,3881
g,3882
c,3883
a,3884
g,3885
c,3886
t,3887
a,3888
a,3889
c,3890
a,3891
g,3892
g,3893
g,3894
a,3895
g,3896
a,3897
c,3898
t,3899
a,3900
a,3901
a,3902
t,3903
t,3904
a,3905
g,3906
g,3907
a,3908
a,3909
a,3910
a,3911
g,3912
c,3913
a,3914
g,3915
g,3916
a,3917
t,3918
a,3919
t,3920
g,3921
t,3922
t,3923
a,3924
c,3925
t,3926
a,3927
a,3928
t,3929
a,3930
g,3931
a,3932
g,3933
g,3934
a,3935
a,3936
g,3937
a,3938
c,3939
a,3940
a,3941
a,3942
a,3943
a,3944
g,3945
t,3946
t,3947
g,3948
t,3949
c,3950
a,3951
c,3952
c,3953
c,3954
t,3955
a,3956
a,3957
c,3958
t,3959
g,3960
a,3961
c,3962
a,3963
c,3964
a,3965
a,3966
c,3967
a,3968
a,3969
a,3970
t,3971
c,3972
a,3973
g,3974
a,3975
a,3976
g,3977
a,3978
c,3979
t,3980
g,3981
a,3982
g,3983
t,3984
t,3985
a,3986
c,3987
a,3988
a,3989
g,3990
c,3991
a,3992
a,3993
t,3994
t,3995
t,3996
a,3997
t,3998
c,3999
t,4000
a,4001
g,4002
c,4003
t,4004
t,4005
t,4006
g,4007
c,4008
a,4009
g,4010
g,4011
a,4012
t,4013
t,4014
c,4015
g,4016
g,4017
g,4018
a,4019
t,4020
t,4021
a,4022
g,4023
a,4024
a,4025
g,4026
t,4027
a,4028
a,4029
a,4030
c,4031
a,4032
t,4033
a,4034
g,4035
t,4036
a,4037
a,4038
c,4039
a,4040
g,4041
a,4042
c,4043
t,4044
c,4045
a,4046
c,4047
a,4048
a,4049
t,4050
a,4051
t,4052
g,4053
c,4054
a,4055
t,4056
t,4057
a,4058
g,4059
g,4060
a,4061
a,4062
t,4063
c,4064
a,4065
t,4066
t,4067
c,4068
a,4069
a,4070
g,4071
c,4072
a,4073
c,4074
a,4075
a,4076
c,4077
c,4078
a,4079
g,4080
a,4081
t,4082
c,4083
a,4084
a,4085
a,4086
g,4087
t,4088
g,4089
a,4090
a,4091
t,4092
c,4093
a,4094
g,4095
a,4096
g,4097
t,4098
t,4099
a,4100
g,4101
t,4102
c,4103
a,4104
a,4105
t,4106
c,4107
a,4108
a,4109
a,4110
t,4111
a,4112
a,4113
t,4114
a,4115
g,4116
a,4117
g,4118
c,4119
a,4120
g,4121
t,4122
t,4123
a,4124
a,4125
t,4126
a,4127
a,4128
a,4129
a,4130
a,4131
a,4132
g,4133
g,4134
a,4135
a,4136
a,4137
a,4138
g,4139
g,4140
t,4141
c,4142
t,4143
a,4144
t,4145
c,4146
t,4147
g,4148
g,4149
c,4150
a,4151
t,4152
g,4153
g,4154
g,4155
t,4156
a,4157
c,4158
c,4159
a,4160
g,4161
c,4162
a,4163
c,4164
a,4165
c,4166
a,4167
a,4168
a,4169
g,4170
g,4171
a,4172
a,4173
t,4174
t,4175
g,4176
g,4177
a,4178
g,4179
g,4180
a,4181
a,4182
a,4183
t,4184
g,4185
a,4186
a,4187
c,4188
a,4189
a,4190
g,4191
t,4192
a,4193
g,4194
a,4195
t,4196
a,4197
a,4198
a,4199
t,4200
t,4201
a,4202
g,4203
t,4204
c,4205
a,4206
g,4207
t,4208
g,4209
c,4210
t,4211
g,4212
g,4213
a,4214
a,4215
t,4216
c,4217
a,4218
g,4219
g,4220
a,4221
a,4222
a,4223
g,4224
t,4225
a,4226
c,4227
t,4228
a,4229
t,4230
t,4231
t,4232
t,4233
t,4234
a,4235
g,4236
a,4237
t,4238
g,4239
g,4240
a,4241
a,4242
t,4243
a,4244
g,4245
a,4246
t,4247
a,4248
a,4249
g,4250
g,4251
c,4252
c,4253
c,4254
a,4255
a,4256
g,4257
a,4258
t,4259
g,4260
a,4261
a,4262
c,4263
a,4264
t,4265
g,4266
a,4267
g,4268
a,4269
a,4270
a,4271
t,4272
a,4273
t,4274
c,4275
a,4276
c,4277
a,4278
g,4279
t,4280
a,4281
a,4282
t,4283
t,4284
g,4285
g,4286
a,4287
g,4288
a,4289
g,4290
c,4291
a,4292
a,4293
t,4294
g,4295
g,4296
c,4297
t,4298
a,4299
g,4300
t,4301
g,4302
a,4303
t,4304
t,4305
t,4306
t,4307
a,4308
a,4309
c,4310
c,4311
t,4312
g,4313
c,4314
c,4315
a,4316
c,4317
c,4318
t,4319
g,4320
t,4321
a,4322
g,4323
t,4324
a,4325
g,4326
c,4327
a,4328
a,4329
a,4330
a,4331
g,4332
a,4333
a,4334
a,4335
t,4336
a,4337
g,4338
t,4339
a,4340
g,4341
c,4342
c,4343
a,4344
g,4345
c,4346
t,4347
g,4348
t,4349
g,4350
a,4351
t,4352
a,4353
a,4354
a,4355
t,4356
g,4357
t,4358
c,4359
a,4360
g,4361
c,4362
t,4363
a,4364
a,4365
a,4366
a,4367
g,4368
g,4369
a,4370
g,4371
a,4372
a,4373
g,4374
c,4375
c,4376
a,4377
t,4378
g,4379
c,4380
a,4381
t,4382
g,4383
g,4384
a,4385
c,4386
a,4387
a,4388
g,4389
t,4390
a,4391
g,4392
a,4393
c,4394
t,4395
g,4396
t,4397
a,4398
g,4399
t,4400
c,4401
c,4402
a,4403
g,4404
g,4405
a,4406
a,4407
t,4408
a,4409
t,4410
g,4411
g,4412
c,4413
a,4414
a,4415
c,4416
t,4417
a,4418
g,4419
a,4420
t,4421
t,4422
g,4423
t,4424
a,4425
c,4426
a,4427
c,4428
a,4429
t,4430
t,4431
t,4432
a,4433
g,4434
a,4435
a,4436
g,4437
g,4438
a,4439
a,4440
a,4441
a,4442
g,4443
t,4444
t,4445
a,4446
t,4447
c,4448
c,4449
t,4450
g,4451
g,4452
t,4453
a,4454
g,4455
c,4456
a,4457
g,4458
t,4459
t,4460
c,4461
a,4462
t,4463
g,4464
t,4465
a,4466
g,4467
c,4468
c,4469
a,4470
g,4471
t,4472
g,4473
g,4474
a,4475
t,4476
a,4477
t,4478
a,4479
t,4480
a,4481
g,4482
a,4483
a,4484
g,4485
c,4486
a,4487
g,4488
a,4489
a,4490
g,4491
t,4492
t,4493
a,4494
t,4495
t,4496
c,4497
c,4498
a,4499
g,4500
c,4501
a,4502
g,4503
a,4504
a,4505
a,4506
c,4507
a,4508
g,4509
g,4510
g,4511
c,4512
a,4513
g,4514
g,4515
a,4516
a,4517
a,4518
c,4519
a,4520
g,4521
c,4522
a,4523
t,4524
a,4525
t,4526
t,4527
t,4528
t,4529
c,4530
t,4531
t,4532
t,4533
t,4534
a,4535
a,4536
a,4537
a,4538
t,4539
t,4540
a,4541
g,4542
c,4543
a,4544
g,4545
g,4546
a,4547
a,4548
g,4549
a,4550
t,4551
g,4552
g,4553
c,4554
c,4555
a,4556
g,4557
t,4558
a,4559
a,4560
a,4561
a,4562
a,4563
c,4564
a,4565
a,4566
t,4567
a,4568
c,4569
a,4570
t,4571
a,4572
c,4573
t,4574
g,4575
a,4576
c,4577
a,4578
a,4579
t,4580
g,4581
g,4582
c,4583
a,4584
g,4585
c,4586
a,4587
a,4588
t,4589
t,4590
t,4591
c,4592
a,4593
c,4594
c,4595
g,4596
g,4597
t,4598
g,4599
c,4600
t,4601
a,4602
c,4603
g,4604
g,4605
t,4606
t,4607
a,4608
g,4609
g,4610
g,4611
c,4612
c,4613
g,4614
c,4615
c,4616
t,4617
g,4618
t,4619
t,4620
g,4621
g,4622
t,4623
g,4624
g,4625
g,4626
c,4627
g,4628
g,4629
g,4630
a,4631
a,4632
t,4633
c,4634
a,4635
a,4636
g,4637
c,4638
a,4639
g,4640
g,4641
a,4642
a,4643
t,4644
t,4645
t,4646
g,4647
g,4648
a,4649
a,4650
t,4651
t,4652
c,4653
c,4654
c,4655
t,4656
a,4657
c,4658
a,4659
a,4660
t,4661
c,4662
c,4663
c,4664
c,4665
a,4666
a,4667
a,4668
g,4669
t,4670
c,4671
a,4672
a,4673
g,4674
g,4675
a,4676
g,4677
t,4678
a,4679
g,4680
t,4681
a,4682
g,4683
a,4684
a,4685
t,4686
c,4687
t,4688
a,4689
t,4690
g,4691
a,4692
a,4693
t,4694
a,4695
a,4696
a,4697
g,4698
a,4699
a,4700
t,4701
t,4702
a,4703
a,4704
a,4705
g,4706
a,4707
a,4708
a,4709
a,4710
t,4711
t,4712
a,4713
t,4714
a,4715
g,4716
g,4717
a,4718
c,4719
a,4720
g,4721
g,4722
t,4723
a,4724
a,4725
g,4726
a,4727
g,4728
a,4729
t,4730
c,4731
a,4732
g,4733
g,4734
c,4735
t,4736
g,4737
a,4738
a,4739
c,4740
a,4741
t,4742
c,4743
t,4744
t,4745
a,4746
a,4747
g,4748
a,4749
c,4750
a,4751
g,4752
c,4753
a,4754
g,4755
t,4756
a,4757
c,4758
a,4759
a,4760
a,4761
t,4762
g,4763
g,4764
c,4765
a,4766
g,4767
t,4768
a,4769
t,4770
t,4771
c,4772
a,4773
t,4774
c,4775
c,4776
a,4777
c,4778
a,4779
a,4780
t,4781
t,4782
t,4783
t,4784
a,4785
a,4786
a,4787
a,4788
g,4789
a,4790
a,4791
a,4792
a,4793
g,4794
g,4795
g,4796
g,4797
g,4798
g,4799
a,4800
t,4801
t,4802
g,4803
g,4804
g,4805
g,4806
g,4807
g,4808
t,4809
a,4810
c,4811
a,4812
g,4813
t,4814
g,4815
c,4816
a,4817
g,4818
g,4819
g,4820
g,4821
a,4822
a,4823
a,4824
g,4825
a,4826
a,4827
t,4828
a,4829
g,4830
t,4831
a,4832
g,4833
a,4834
c,4835
a,4836
t,4837
a,4838
a,4839
t,4840
a,4841
g,4842
c,4843
a,4844
a,4845
c,4846
a,4847
g,4848
a,4849
c,4850
a,4851
t,4852
a,4853
c,4854
a,4855
a,4856
a,4857
c,4858
t,4859
a,4860
a,4861
a,4862
g,4863
a,4864
a,4865
t,4866
t,4867
a,4868
c,4869
a,4870
a,4871
a,4872
a,4873
a,4874
c,4875
a,4876
a,4877
a,4878
t,4879
t,4880
a,4881
c,4882
a,4883
a,4884
a,4885
a,4886
a,4887
t,4888
t,4889
c,4890
a,4891
a,4892
a,4893
a,4894
t,4895
t,4896
t,4897
t,4898
c,4899
g,4900
g,4901
g,4902
t,4903
t,4904
t,4905
a,4906
t,4907
t,4908
a,4909
c,4910
a,4911
g,4912
g,4913
g,4914
a,4915
c,4916
a,4917
g,4918
c,4919
a,4920
g,4921
a,4922
a,4923
a,4924
t,4925
c,4926
c,4927
a,4928
c,4929
t,4930
t,4931
t,4932
g,4933
g,4934
a,4935
a,4936
a,4937
g,4938
g,4939
a,4940
c,4941
c,4942
a,4943
g,4944
c,4945
a,4946
a,4947
a,4948
g,4949
c,4950
t,4951
c,4952
c,4953
t,4954
c,4955
t,4956
g,4957
g,4958
a,4959
a,4960
a,4961
g,4962
g,4963
t,4964
g,4965
a,4966
a,4967
g,4968
g,4969
g,4970
g,4971
c,4972
a,4973
g,4974
t,4975
a,4976
g,4977
t,4978
a,4979
a,4980
t,4981
a,4982
c,4983
a,4984
a,4985
g,4986
a,4987
t,4988
a,4989
a,4990
t,4991
a,4992
g,4993
t,4994
g,4995
a,4996
c,4997
a,4998
t,4999
a,5000
a,5001
a,5002
a,5003
g,5004
t,5005
a,5006
g,5007
t,5008
g,5009
c,5010
c,5011
a,5012
a,5013
g,5014
a,5015
a,5016
g,5017
a,5018
a,5019
a,5020
a,5021
g,5022
c,5023
a,5024
a,5025
a,5026
g,5027
a,5028
t,5029
c,5030
a,5031
t,5032
t,5033
a,5034
g,5035
g,5036
g,5037
a,5038
t,5039
t,5040
a,5041
t,5042
g,5043
g,5044
a,5045
a,5046
a,5047
a,5048
c,5049
a,5050
g,5051
a,5052
t,5053
g,5054
g,5055
c,5056
a,5057
g,5058
g,5059
t,5060
g,5061
a,5062
t,5063
g,5064
a,5065
t,5066
t,5067
g,5068
t,5069
g,5070
t,5071
g,5072
g,5073
c,5074
a,5075
a,5076
g,5077
t,5078
a,5079
g,5080
a,5081
c,5082
a,5083
g,5084
g,5085
a,5086
t,5087
g,5088
a,5089
g,5090
g,5091
a,5092
t,5093
t,5094
a,5095
g,5096
a,5097
a,5098
c,5099
a,5100
t,5101
g,5102
g,5103
a,5104
a,5105
a,5106
a,5107
g,5108
t,5109
t,5110
t,5111
a,5112
g,5113
t,5114
a,5115
a,5116
a,5117
a,5118
c,5119
a,5120
c,5121
c,5122
a,5123
t,5124
a,5125
t,5126
g,5127
t,5128
a,5129
t,5130
g,5131
t,5132
t,5133
t,5134
c,5135
a,5136
g,5137
g,5138
g,5139
a,5140
a,5141
a,5142
g,5143
c,5144
t,5145
a,5146
g,5147
g,5148
g,5149
g,5150
a,5151
t,5152
g,5153
g,5154
t,5155
t,5156
t,5157
t,5158
a,5159
t,5160
a,5161
g,5162
a,5163
c,5164
a,5165
t,5166
c,5167
a,5168
c,5169
t,5170
a,5171
t,5172
g,5173
a,5174
a,5175
a,5176
g,5177
c,5178
c,5179
c,5180
t,5181
c,5182
a,5183
t,5184
c,5185
c,5186
a,5187
a,5188
g,5189
a,5190
a,5191
t,5192
a,5193
a,5194
g,5195
t,5196
t,5197
c,5198
a,5199
g,5200
a,5201
a,5202
g,5203
t,5204
a,5205
c,5206
a,5207
c,5208
a,5209
t,5210
c,5211
c,5212
c,5213
a,5214
c,5215
t,5216
a,5217
g,5218
g,5219
g,5220
g,5221
a,5222
t,5223
g,5224
c,5225
t,5226
a,5227
g,5228
a,5229
t,5230
t,5231
g,5232
g,5233
t,5234
a,5235
a,5236
t,5237
a,5238
a,5239
c,5240
a,5241
a,5242
c,5243
a,5244
t,5245
a,5246
t,5247
t,5248
g,5249
g,5250
g,5251
g,5252
t,5253
c,5254
t,5255
g,5256
c,5257
a,5258
t,5259
a,5260
c,5261
a,5262
g,5263
g,5264
a,5265
g,5266
a,5267
a,5268
a,5269
g,5270
a,5271
g,5272
a,5273
c,5274
t,5275
g,5276
g,5277
c,5278
a,5279
t,5280
t,5281
t,5282
g,5283
g,5284
g,5285
t,5286
c,5287
a,5288
g,5289
g,5290
g,5291
a,5292
g,5293
t,5294
c,5295
t,5296
c,5297
c,5298
a,5299
t,5300
a,5301
g,5302
a,5303
a,5304
t,5305
g,5306
g,5307
a,5308
g,5309
g,5310
a,5311
a,5312
a,5313
a,5314
a,5315
g,5316
a,5317
g,5318
a,5319
t,5320
a,5321
t,5322
a,5323
g,5324
c,5325
a,5326
c,5327
a,5328
c,5329
a,5330
a,5331
g,5332
t,5333
a,5334
g,5335
a,5336
c,5337
c,5338
c,5339
t,5340
g,5341
a,5342
a,5343
c,5344
t,5345
a,5346
g,5347
c,5348
a,5349
g,5350
a,5351
c,5352
c,5353
a,5354
a,5355
c,5356
t,5357
a,5358
a,5359
t,5360
t,5361
c,5362
a,5363
t,5364
c,5365
t,5366
g,5367
t,5368
a,5369
t,5370
t,5371
a,5372
c,5373
t,5374
t,5375
t,5376
g,5377
a,5378
c,5379
t,5380
g,5381
t,5382
t,5383
t,5384
t,5385
t,5386
c,5387
a,5388
g,5389
a,5390
c,5391
t,5392
c,5393
t,5394
g,5395
c,5396
t,5397
a,5398
t,5399
a,5400
a,5401
g,5402
a,5403
a,5404
a,5405
g,5406
g,5407
c,5408
c,5409
t,5410
t,5411
a,5412
t,5413
t,5414
a,5415
g,5416
g,5417
a,5418
c,5419
a,5420
c,5421
a,5422
t,5423
a,5424
g,5425
t,5426
t,5427
a,5428
g,5429
c,5430
c,5431
c,5432
t,5433
a,5434
g,5435
g,5436
t,5437
g,5438
t,5439
g,5440
a,5441
a,5442
t,5443
a,5444
t,5445
c,5446
a,5447
a,5448
g,5449
c,5450
a,5451
g,5452
g,5453
a,5454
c,5455
a,5456
t,5457
a,5458
a,5459
c,5460
a,5461
a,5462
g,5463
g,5464
t,5465
a,5466
g,5467
g,5468
a,5469
t,5470
c,5471
t,5472
c,5473
t,5474
a,5475
c,5476
a,5477
a,5478
t,5479
a,5480
c,5481
t,5482
t,5483
g,5484
g,5485
c,5486
a,5487
c,5488
t,5489
a,5490
g,5491
c,5492
a,5493
g,5494
c,5495
a,5496
t,5497
t,5498
a,5499
a,5500
t,5501
a,5502
a,5503
c,5504
a,5505
c,5506
c,5507
a,5508
a,5509
a,5510
a,5511
a,5512
a,5513
g,5514
a,5515
t,5516
a,5517
a,5518
a,5519
g,5520
c,5521
c,5522
a,5523
c,5524
c,5525
t,5526
t,5527
t,5528
g,5529
c,5530
c,5531
t,5532
a,5533
g,5534
t,5535
g,5536
t,5537
t,5538
a,5539
c,5540
g,5541
a,5542
a,5543
a,5544
c,5545
t,5546
g,5547
a,5548
c,5549
a,5550
g,5551
a,5552
g,5553
g,5554
a,5555
t,5556
a,5557
g,5558
a,5559
t,5560
g,5561
g,5562
a,5563
a,5564
c,5565
a,5566
a,5567
g,5568
c,5569
c,5570
c,5571
c,5572
a,5573
g,5574
a,5575
a,5576
g,5577
a,5578
c,5579
c,5580
a,5581
a,5582
g,5583
g,5584
g,5585
c,5586
c,5587
a,5588
c,5589
a,5590
g,5591
a,5592
g,5593
g,5594
g,5595
a,5596
g,5597
c,5598
c,5599
a,5600
c,5601
a,5602
c,5603
a,5604
a,5605
t,5606
g,5607
a,5608
a,5609
t,5610
g,5611
g,5612
a,5613
c,5614
a,5615
c,5616
t,5617
a,5618
g,5619
a,5620
g,5621
c,5622
t,5623
t,5624
t,5625
t,5626
a,5627
g,5628
a,5629
g,5630
g,5631
a,5632
g,5633
c,5634
t,5635
t,5636
a,5637
a,5638
g,5639
a,5640
a,5641
t,5642
g,5643
a,5644
a,5645
g,5646
c,5647
t,5648
g,5649
t,5650
t,5651
a,5652
g,5653
a,5654
c,5655
a,5656
t,5657
t,5658
t,5659
t,5660
c,5661
c,5662
t,5663
a,5664
g,5665
g,5666
a,5667
t,5668
t,5669
t,5670
g,5671
g,5672
c,5673
t,5674
c,5675
c,5676
a,5677
t,5678
g,5679
g,5680
c,5681
t,5682
t,5683
a,5684
g,5685
g,5686
g,5687
c,5688
a,5689
a,5690
c,5691
a,5692
t,5693
a,5694
t,5695
c,5696
t,5697
a,5698
t,5699
g,5700
a,5701
a,5702
a,5703
c,5704
t,5705
t,5706
a,5707
t,5708
g,5709
g,5710
g,5711
g,5712
a,5713
t,5714
a,5715
c,5716
t,5717
t,5718
g,5719
g,5720
g,5721
c,5722
a,5723
g,5724
g,5725
a,5726
g,5727
t,5728
g,5729
g,5730
a,5731
a,5732
g,5733
c,5734
c,5735
a,5736
t,5737
a,5738
a,5739
t,5740
a,5741
a,5742
g,5743
a,5744
a,5745
t,5746
t,5747
c,5748
t,5749
g,5750
c,5751
a,5752
a,5753
c,5754
a,5755
a,5756
c,5757
t,5758
g,5759
c,5760
t,5761
g,5762
t,5763
t,5764
t,5765
a,5766
t,5767
c,5768
c,5769
a,5770
t,5771
t,5772
t,5773
t,5774
c,5775
a,5776
g,5777
a,5778
a,5779
t,5780
t,5781
g,5782
g,5783
g,5784
t,5785
g,5786
t,5787
c,5788
g,5789
a,5790
c,5791
a,5792
t,5793
a,5794
g,5795
c,5796
a,5797
g,5798
a,5799
a,5800
t,5801
a,5802
g,5803
g,5804
c,5805
g,5806
t,5807
t,5808
a,5809
c,5810
t,5811
c,5812
g,5813
a,5814
c,5815
a,5816
g,5817
a,5818
g,5819
g,5820
a,5821
g,5822
a,5823
g,5824
c,5825
a,5826
a,5827
g,5828
a,5829
a,5830
a,5831
t,5832
g,5833
g,5834
a,5835
g,5836
c,5837
c,5838
a,5839
g,5840
t,5841
a,5842
g,5843
a,5844
t,5845
c,5846
c,5847
t,5848
a,5849
g,5850
a,5851
c,5852
t,5853
a,5854
g,5855
a,5856
g,5857
c,5858
c,5859
c,5860
t,5861
g,5862
g,5863
a,5864
a,5865
g,5866
c,5867
a,5868
t,5869
c,5870
c,5871
a,5872
g,5873
g,5874
a,5875
a,5876
g,5877
t,5878
c,5879
a,5880
g,5881
c,5882
c,5883
t,5884
a,5885
a,5886
a,5887
a,5888
c,5889
t,5890
g,5891
c,5892
t,5893
t,5894
g,5895
t,5896
a,5897
c,5898
c,5899
a,5900
a,5901
t,5902
t,5903
g,5904
c,5905
t,5906
a,5907
t,5908
t,5909
g,5910
t,5911
a,5912
a,5913
a,5914
a,5915
a,5916
g,5917
t,5918
g,5919
t,5920
t,5921
g,5922
c,5923
t,5924
t,5925
t,5926
c,5927
a,5928
t,5929
t,5930
g,5931
c,5932
c,5933
a,5934
a,5935
g,5936
t,5937
t,5938
t,5939
g,5940
t,5941
t,5942
t,5943
c,5944
a,5945
t,5946
a,5947
a,5948
c,5949
a,5950
a,5951
a,5952
a,5953
g,5954
c,5955
c,5956
t,5957
t,5958
a,5959
g,5960
g,5961
c,5962
a,5963
t,5964
c,5965
t,5966
c,5967
c,5968
t,5969
a,5970
t,5971
g,5972
g,5973
c,5974
a,5975
g,5976
g,5977
a,5978
a,5979
g,5980
a,5981
a,5982
g,5983
c,5984
g,5985
g,5986
a,5987
g,5988
a,5989
c,5990
a,5991
g,5992
c,5993
g,5994
a,5995
c,5996
g,5997
a,5998
a,5999
g,6000
a,6001
g,6002
c,6003
t,6004
c,6005
a,6006
t,6007
c,6008
a,6009
g,6010
a,6011
a,6012
c,6013
a,6014
g,6015
t,6016
c,6017
a,6018
g,6019
a,6020
c,6021
t,6022
c,6023
a,6024
t,6025
c,6026
a,6027
a,6028
g,6029
c,6030
t,6031
t,6032
c,6033
t,6034
c,6035
t,6036
a,6037
t,6038
c,6039
a,6040
a,6041
a,6042
g,6043
c,6044
a,6045
g,6046
t,6047
a,6048
a,6049
g,6050
t,6051
a,6052
g,6053
t,6054
a,6055
c,6056
a,6057
t,6058
g,6059
t,6060
a,6061
a,6062
c,6063
g,6064
c,6065
a,6066
a,6067
c,6068
c,6069
t,6070
a,6071
t,6072
a,6073
c,6074
c,6075
a,6076
a,6077
t,6078
a,6079
g,6080
t,6081
a,6082
g,6083
c,6084
a,6085
a,6086
t,6087
a,6088
g,6089
t,6090
a,6091
g,6092
c,6093
a,6094
t,6095
t,6096
a,6097
g,6098
t,6099
a,6100
g,6101
t,6102
a,6103
g,6104
c,6105
a,6106
a,6107
t,6108
a,6109
a,6110
t,6111
a,6112
a,6113
t,6114
a,6115
g,6116
c,6117
a,6118
a,6119
t,6120
a,6121
g,6122
t,6123
t,6124
g,6125
t,6126
g,6127
t,6128
g,6129
g,6130
t,6131
c,6132
c,6133
a,6134
t,6135
a,6136
g,6137
t,6138
a,6139
a,6140
t,6141
c,6142
a,6143
t,6144
a,6145
g,6146
a,6147
a,6148
t,6149
a,6150
t,6151
a,6152
g,6153
g,6154
a,6155
a,6156
a,6157
a,6158
t,6159
a,6160
t,6161
t,6162
a,6163
a,6164
g,6165
a,6166
c,6167
a,6168
a,6169
a,6170
g,6171
a,6172
a,6173
a,6174
a,6175
a,6176
t,6177
a,6178
g,6179
a,6180
c,6181
a,6182
g,6183
g,6184
t,6185
t,6186
a,6187
a,6188
t,6189
t,6190
g,6191
a,6192
t,6193
a,6194
g,6195
a,6196
c,6197
t,6198
a,6199
a,6200
t,6201
a,6202
g,6203
a,6204
a,6205
a,6206
g,6207
a,6208
g,6209
c,6210
a,6211
g,6212
a,6213
a,6214
g,6215
a,6216
c,6217
a,6218
g,6219
t,6220
g,6221
g,6222
c,6223
a,6224
a,6225
t,6226
g,6227
a,6228
g,6229
a,6230
g,6231
t,6232
g,6233
a,6234
a,6235
g,6236
g,6237
a,6238
g,6239
a,6240
a,6241
a,6242
t,6243
a,6244
t,6245
c,6246
a,6247
g,6248
c,6249
a,6250
c,6251
t,6252
t,6253
g,6254
t,6255
g,6256
g,6257
a,6258
g,6259
a,6260
t,6261
g,6262
g,6263
g,6264
g,6265
g,6266
t,6267
g,6268
g,6269
a,6270
g,6271
a,6272
t,6273
g,6274
g,6275
g,6276
g,6277
c,6278
a,6279
c,6280
c,6281
a,6282
t,6283
g,6284
c,6285
t,6286
c,6287
c,6288
t,6289
t,6290
g,6291
g,6292
g,6293
a,6294
t,6295
g,6296
t,6297
t,6298
g,6299
a,6300
t,6301
g,6302
a,6303
t,6304
c,6305
t,6306
g,6307
t,6308
a,6309
g,6310
t,6311
g,6312
c,6313
t,6314
a,6315
c,6316
a,6317
g,6318
a,6319
a,6320
a,6321
a,6322
a,6323
t,6324
t,6325
g,6326
t,6327
g,6328
g,6329
g,6330
t,6331
c,6332
a,6333
c,6334
a,6335
g,6336
t,6337
c,6338
t,6339
a,6340
t,6341
t,6342
a,6343
t,6344
g,6345
g,6346
g,6347
g,6348
t,6349
a,6350
c,6351
c,6352
t,6353
g,6354
t,6355
g,6356
t,6357
g,6358
g,6359
a,6360
a,6361
g,6362
g,6363
a,6364
a,6365
g,6366
c,6367
a,6368
a,6369
c,6370
c,6371
a,6372
c,6373
c,6374
a,6375
c,6376
t,6377
c,6378
t,6379
a,6380
t,6381
t,6382
t,6383
t,6384
g,6385
t,6386
g,6387
c,6388
a,6389
t,6390
c,6391
a,6392
g,6393
a,6394
t,6395
g,6396
c,6397
t,6398
a,6399
a,6400
a,6401
g,6402
c,6403
a,6404
t,6405
a,6406
t,6407
g,6408
a,6409
t,6410
a,6411
c,6412
a,6413
g,6414
a,6415
g,6416
g,6417
t,6418
a,6419
c,6420
a,6421
t,6422
a,6423
a,6424
t,6425
g,6426
t,6427
t,6428
t,6429
g,6430
g,6431
g,6432
c,6433
c,6434
a,6435
c,6436
a,6437
c,6438
a,6439
t,6440
g,6441
c,6442
c,6443
t,6444
g,6445
t,6446
g,6447
t,6448
a,6449
c,6450
c,6451
c,6452
a,6453
c,6454
a,6455
g,6456
a,6457
c,6458
c,6459
c,6460
c,6461
a,6462
a,6463
c,6464
c,6465
c,6466
a,6467
c,6468
a,6469
a,6470
g,6471
a,6472
a,6473
g,6474
t,6475
a,6476
g,6477
t,6478
a,6479
t,6480
t,6481
g,6482
g,6483
t,6484
a,6485
a,6486
a,6487
t,6488
g,6489
t,6490
g,6491
a,6492
c,6493
a,6494
g,6495
a,6496
a,6497
a,6498
a,6499
t,6500
t,6501
t,6502
t,6503
a,6504
a,6505
c,6506
a,6507
t,6508
g,6509
t,6510
g,6511
g,6512
a,6513
a,6514
a,6515
a,6516
a,6517
t,6518
g,6519
a,6520
c,6521
a,6522
t,6523
g,6524
g,6525
t,6526
a,6527
g,6528
a,6529
a,6530
c,6531
a,6532
g,6533
a,6534
t,6535
g,6536
c,6537
a,6538
t,6539
g,6540
a,6541
g,6542
g,6543
a,6544
t,6545
a,6546
t,6547
a,6548
a,6549
t,6550
c,6551
a,6552
g,6553
t,6554
t,6555
t,6556
a,6557
t,6558
g,6559
g,6560
g,6561
a,6562
t,6563
c,6564
a,6565
a,6566
a,6567
g,6568
c,6569
c,6570
t,6571
a,6572
a,6573
a,6574
g,6575
c,6576
c,6577
a,6578
t,6579
g,6580
t,6581
g,6582
t,6583
a,6584
a,6585
a,6586
a,6587
t,6588
t,6589
a,6590
a,6591
c,6592
c,6593
c,6594
c,6595
a,6596
c,6597
t,6598
c,6599
t,6600
g,6601
t,6602
g,6603
t,6604
t,6605
a,6606
g,6607
t,6608
t,6609
t,6610
a,6611
a,6612
a,6613
g,6614
t,6615
g,6616
c,6617
a,6618
c,6619
t,6620
g,6621
a,6622
t,6623
t,6624
t,6625
g,6626
a,6627
a,6628
g,6629
a,6630
a,6631
t,6632
g,6633
a,6634
t,6635
a,6636
c,6637
t,6638
a,6639
a,6640
t,6641
a,6642
c,6643
c,6644
a,6645
a,6646
t,6647
a,6648
g,6649
t,6650
a,6651
g,6652
t,6653
a,6654
g,6655
c,6656
g,6657
g,6658
g,6659
a,6660
g,6661
a,6662
a,6663
t,6664
g,6665
a,6666
t,6667
a,6668
a,6669
t,6670
g,6671
g,6672
a,6673
g,6674
a,6675
a,6676
a,6677
g,6678
g,6679
a,6680
g,6681
a,6682
g,6683
a,6684
t,6685
a,6686
a,6687
a,6688
a,6689
a,6690
a,6691
c,6692
t,6693
g,6694
c,6695
t,6696
c,6697
t,6698
t,6699
t,6700
c,6701
a,6702
a,6703
t,6704
a,6705
t,6706
c,6707
a,6708
g,6709
c,6710
a,6711
c,6712
a,6713
a,6714
g,6715
c,6716
a,6717
t,6718
a,6719
a,6720
g,6721
a,6722
g,6723
g,6724
t,6725
a,6726
a,6727
g,6728
g,6729
t,6730
g,6731
c,6732
a,6733
g,6734
a,6735
a,6736
a,6737
g,6738
a,6739
a,6740
t,6741
a,6742
t,6743
g,6744
c,6745
a,6746
t,6747
t,6748
t,6749
t,6750
t,6751
t,6752
t,6753
a,6754
t,6755
a,6756
a,6757
a,6758
c,6759
t,6760
t,6761
g,6762
a,6763
t,6764
a,6765
t,6766
a,6767
a,6768
t,6769
a,6770
c,6771
c,6772
a,6773
a,6774
t,6775
a,6776
g,6777
a,6778
t,6779
a,6780
a,6781
t,6782
g,6783
a,6784
t,6785
a,6786
c,6787
t,6788
a,6789
c,6790
c,6791
a,6792
g,6793
c,6794
t,6795
a,6796
t,6797
a,6798
a,6799
g,6800
t,6801
t,6802
g,6803
a,6804
c,6805
a,6806
a,6807
g,6808
t,6809
t,6810
g,6811
t,6812
a,6813
a,6814
c,6815
a,6816
c,6817
c,6818
t,6819
c,6820
a,6821
g,6822
t,6823
c,6824
a,6825
t,6826
t,6827
a,6828
c,6829
a,6830
c,6831
a,6832
g,6833
g,6834
c,6835
c,6836
t,6837
g,6838
t,6839
c,6840
c,6841
a,6842
a,6843
a,6844
g,6845
g,6846
t,6847
a,6848
t,6849
c,6850
c,6851
t,6852
t,6853
t,6854
g,6855
a,6856
g,6857
c,6858
c,6859
a,6860
a,6861
t,6862
t,6863
c,6864
c,6865
c,6866
a,6867
t,6868
a,6869
c,6870
a,6871
t,6872
t,6873
a,6874
t,6875
t,6876
g,6877
t,6878
g,6879
c,6880
c,6881
c,6882
c,6883
g,6884
g,6885
c,6886
t,6887
g,6888
g,6889
t,6890
t,6891
t,6892
t,6893
g,6894
c,6895
g,6896
a,6897
t,6898
t,6899
c,6900
t,6901
a,6902
a,6903
a,6904
a,6905
t,6906
g,6907
t,6908
a,6909
a,6910
t,6911
a,6912
a,6913
t,6914
a,6915
a,6916
g,6917
a,6918
c,6919
g,6920
t,6921
t,6922
c,6923
a,6924
a,6925
t,6926
g,6927
g,6928
a,6929
a,6930
c,6931
a,6932
g,6933
g,6934
a,6935
c,6936
c,6937
a,6938
t,6939
g,6940
t,6941
a,6942
c,6943
a,6944
a,6945
a,6946
t,6947
g,6948
t,6949
c,6950
a,6951
g,6952
c,6953
a,6954
c,6955
a,6956
g,6957
t,6958
a,6959
c,6960
a,6961
a,6962
t,6963
g,6964
t,6965
a,6966
c,6967
a,6968
c,6969
a,6970
t,6971
g,6972
g,6973
a,6974
a,6975
t,6976
t,6977
a,6978
g,6979
g,6980
c,6981
c,6982
a,6983
g,6984
t,6985
a,6986
g,6987
t,6988
a,6989
t,6990
c,6991
a,6992
a,6993
c,6994
t,6995
c,6996
a,6997
a,6998
c,6999
t,7000
g,7001
c,7002
t,7003
g,7004
t,7005
t,7006
a,7007
a,7008
a,7009
t,7010
g,7011
g,7012
c,7013
a,7014
g,7015
t,7016
c,7017
t,7018
a,7019
g,7020
c,7021
a,7022
g,7023
a,7024
a,7025
g,7026
a,7027
a,7028
g,7029
a,7030
g,7031
g,7032
t,7033
a,7034
g,7035
t,7036
a,7037
a,7038
t,7039
t,7040
a,7041
g,7042
a,7043
t,7044
c,7045
t,7046
g,7047
t,7048
c,7049
a,7050
a,7051
t,7052
t,7053
t,7054
c,7055
a,7056
c,7057
g,7058
g,7059
a,7060
c,7061
a,7062
a,7063
t,7064
g,7065
c,7066
t,7067
a,7068
a,7069
a,7070
a,7071
c,7072
c,7073
a,7074
t,7075
a,7076
a,7077
t,7078
a,7079
g,7080
t,7081
a,7082
c,7083
a,7084
g,7085
c,7086
t,7087
g,7088
a,7089
a,7090
c,7091
a,7092
c,7093
a,7094
t,7095
c,7096
t,7097
g,7098
t,7099
a,7100
g,7101
a,7102
a,7103
a,7104
t,7105
t,7106
a,7107
a,7108
t,7109
t,7110
g,7111
t,7112
a,7113
c,7114
a,7115
a,7116
g,7117
a,7118
c,7119
c,7120
c,7121
a,7122
a,7123
c,7124
a,7125
a,7126
c,7127
a,7128
a,7129
t,7130
a,7131
c,7132
a,7133
a,7134
g,7135
a,7136
a,7137
a,7138
a,7139
a,7140
g,7141
a,7142
a,7143
t,7144
c,7145
c,7146
g,7147
t,7148
a,7149
t,7150
c,7151
c,7152
a,7153
g,7154
a,7155
g,7156
a,7157
g,7158
g,7159
a,7160
c,7161
c,7162
a,7163
g,7164
g,7165
g,7166
a,7167
g,7168
a,7169
g,7170
c,7171
a,7172
t,7173
t,7174
t,7175
g,7176
t,7177
t,7178
a,7179
c,7180
a,7181
a,7182
t,7183
a,7184
g,7185
g,7186
a,7187
a,7188
a,7189
a,7190
a,7191
t,7192
a,7193
g,7194
g,7195
a,7196
a,7197
a,7198
t,7199
a,7200
t,7201
g,7202
a,7203
g,7204
a,7205
c,7206
a,7207
a,7208
g,7209
c,7210
a,7211
c,7212
a,7213
t,7214
t,7215
g,7216
t,7217
a,7218
a,7219
c,7220
a,7221
t,7222
t,7223
a,7224
g,7225
t,7226
a,7227
g,7228
a,7229
g,7230
c,7231
a,7232
a,7233
a,7234
a,7235
t,7236
g,7237
g,7238
a,7239
a,7240
t,7241
a,7242
a,7243
c,7244
a,7245
c,7246
t,7247
t,7248
t,7249
a,7250
a,7251
a,7252
a,7253
c,7254
a,7255
g,7256
a,7257
t,7258
a,7259
g,7260
c,7261
t,7262
a,7263
g,7264
c,7265
a,7266
a,7267
a,7268
t,7269
t,7270
a,7271
a,7272
g,7273
a,7274
g,7275
a,7276
a,7277
c,7278
a,7279
a,7280
t,7281
t,7282
t,7283
g,7284
g,7285
a,7286
a,7287
a,7288
t,7289
a,7290
a,7291
t,7292
a,7293
a,7294
a,7295
a,7296
c,7297
a,7298
a,7299
t,7300
a,7301
a,7302
t,7303
c,7304
t,7305
t,7306
t,7307
a,7308
a,7309
g,7310
c,7311
a,7312
a,7313
t,7314
c,7315
c,7316
t,7317
c,7318
a,7319
g,7320
g,7321
a,7322
g,7323
g,7324
g,7325
g,7326
a,7327
c,7328
c,7329
c,7330
a,7331
g,7332
a,7333
a,7334
a,7335
t,7336
t,7337
g,7338
t,7339
a,7340
a,7341
c,7342
g,7343
c,7344
a,7345
c,7346
a,7347
g,7348
t,7349
t,7350
t,7351
t,7352
a,7353
a,7354
t,7355
t,7356
g,7357
t,7358
g,7359
g,7360
a,7361
g,7362
g,7363
g,7364
g,7365
a,7366
a,7367
t,7368
t,7369
t,7370
t,7371
t,7372
c,7373
t,7374
a,7375
c,7376
t,7377
g,7378
t,7379
a,7380
a,7381
t,7382
t,7383
c,7384
a,7385
a,7386
c,7387
a,7388
c,7389
a,7390
a,7391
c,7392
t,7393
g,7394
t,7395
t,7396
t,7397
a,7398
a,7399
t,7400
a,7401
g,7402
t,7403
a,7404
c,7405
t,7406
t,7407
g,7408
g,7409
t,7410
t,7411
t,7412
a,7413
a,7414
t,7415
a,7416
g,7417
t,7418
a,7419
c,7420
t,7421
t,7422
g,7423
g,7424
a,7425
g,7426
t,7427
a,7428
c,7429
t,7430
g,7431
a,7432
a,7433
g,7434
g,7435
g,7436
t,7437
c,7438
a,7439
a,7440
a,7441
t,7442
a,7443
a,7444
c,7445
a,7446
c,7447
t,7448
g,7449
a,7450
a,7451
g,7452
g,7453
a,7454
a,7455
g,7456
t,7457
g,7458
a,7459
c,7460
a,7461
c,7462
a,7463
a,7464
t,7465
c,7466
a,7467
c,7468
c,7469
c,7470
t,7471
c,7472
c,7473
c,7474
a,7475
t,7476
g,7477
c,7478
a,7479
g,7480
a,7481
a,7482
t,7483
a,7484
a,7485
a,7486
a,7487
c,7488
a,7489
a,7490
a,7491
t,7492
t,7493
a,7494
t,7495
a,7496
a,7497
a,7498
c,7499
a,7500
t,7501
g,7502
t,7503
g,7504
g,7505
c,7506
a,7507
g,7508
a,7509
a,7510
a,7511
g,7512
t,7513
a,7514
g,7515
g,7516
a,7517
a,7518
a,7519
a,7520
g,7521
c,7522
a,7523
a,7524
t,7525
g,7526
t,7527
a,7528
t,7529
g,7530
c,7531
c,7532
c,7533
c,7534
t,7535
c,7536
c,7537
c,7538
a,7539
t,7540
c,7541
a,7542
g,7543
t,7544
g,7545
g,7546
a,7547
c,7548
a,7549
a,7550
a,7551
t,7552
t,7553
a,7554
g,7555
a,7556
t,7557
g,7558
t,7559
t,7560
c,7561
a,7562
t,7563
c,7564
a,7565
a,7566
a,7567
t,7568
a,7569
t,7570
t,7571
a,7572
c,7573
a,7574
g,7575
g,7576
g,7577
c,7578
t,7579
g,7580
c,7581
t,7582
a,7583
t,7584
t,7585
a,7586
a,7587
c,7588
a,7589
a,7590
g,7591
a,7592
g,7593
a,7594
t,7595
g,7596
g,7597
t,7598
g,7599
g,7600
t,7601
a,7602
a,7603
t,7604
a,7605
g,7606
c,7607
a,7608
a,7609
c,7610
a,7611
a,7612
t,7613
g,7614
a,7615
g,7616
t,7617
c,7618
c,7619
g,7620
a,7621
g,7622
a,7623
t,7624
c,7625
t,7626
t,7627
c,7628
a,7629
g,7630
a,7631
c,7632
c,7633
t,7634
g,7635
g,7636
a,7637
g,7638
g,7639
a,7640
g,7641
g,7642
a,7643
g,7644
a,7645
t,7646
a,7647
t,7648
g,7649
a,7650
g,7651
g,7652
g,7653
a,7654
c,7655
a,7656
a,7657
t,7658
t,7659
g,7660
g,7661
a,7662
g,7663
a,7664
a,7665
g,7666
t,7667
g,7668
a,7669
a,7670
t,7671
t,7672
a,7673
t,7674
a,7675
t,7676
a,7677
a,7678
a,7679
t,7680
a,7681
t,7682
a,7683
a,7684
a,7685
g,7686
t,7687
a,7688
g,7689
t,7690
a,7691
a,7692
a,7693
a,7694
a,7695
t,7696
t,7697
g,7698
a,7699
a,7700
c,7701
c,7702
a,7703
t,7704
t,7705
a,7706
g,7707
g,7708
a,7709
g,7710
t,7711
a,7712
g,7713
c,7714
a,7715
c,7716
c,7717
c,7718
a,7719
c,7720
c,7721
a,7722
a,7723
g,7724
g,7725
c,7726
a,7727
a,7728
a,7729
g,7730
a,7731
g,7732
a,7733
a,7734
g,7735
a,7736
g,7737
t,7738
g,7739
g,7740
t,7741
g,7742
c,7743
a,7744
g,7745
a,7746
g,7747
a,7748
g,7749
a,7750
a,7751
a,7752
a,7753
a,7754
a,7755
g,7756
a,7757
g,7758
c,7759
a,7760
g,7761
t,7762
g,7763
g,7764
g,7765
a,7766
a,7767
t,7768
a,7769
g,7770
g,7771
a,7772
g,7773
c,7774
t,7775
t,7776
t,7777
g,7778
t,7779
t,7780
c,7781
c,7782
t,7783
t,7784
g,7785
g,7786
g,7787
t,7788
t,7789
c,7790
t,7791
t,7792
g,7793
g,7794
g,7795
a,7796
g,7797
c,7798
a,7799
g,7800
c,7801
a,7802
g,7803
g,7804
a,7805
a,7806
g,7807
c,7808
a,7809
c,7810
t,7811
a,7812
t,7813
g,7814
g,7815
g,7816
c,7817
g,7818
c,7819
a,7820
g,7821
c,7822
c,7823
t,7824
c,7825
a,7826
a,7827
t,7828
g,7829
a,7830
c,7831
g,7832
c,7833
t,7834
g,7835
a,7836
c,7837
g,7838
g,7839
t,7840
a,7841
c,7842
a,7843
g,7844
g,7845
c,7846
c,7847
a,7848
g,7849
a,7850
c,7851
a,7852
a,7853
t,7854
t,7855
a,7856
t,7857
t,7858
g,7859
t,7860
c,7861
t,7862
g,7863
g,7864
t,7865
a,7866
t,7867
a,7868
g,7869
t,7870
g,7871
c,7872
a,7873
g,7874
c,7875
a,7876
g,7877
c,7878
a,7879
g,7880
a,7881
a,7882
c,7883
a,7884
a,7885
t,7886
t,7887
t,7888
g,7889
c,7890
t,7891
g,7892
a,7893
g,7894
g,7895
g,7896
c,7897
t,7898
a,7899
t,7900
t,7901
g,7902
a,7903
g,7904
g,7905
c,7906
g,7907
c,7908
a,7909
a,7910
c,7911
a,7912
g,7913
c,7914
a,7915
t,7916
c,7917
t,7918
g,7919
t,7920
t,7921
g,7922
c,7923
a,7924
a,7925
c,7926
t,7927
c,7928
a,7929
c,7930
a,7931
g,7932
t,7933
c,7934
t,7935
g,7936
g,7937
g,7938
g,7939
c,7940
a,7941
t,7942
c,7943
a,7944
a,7945
g,7946
c,7947
a,7948
g,7949
c,7950
t,7951
c,7952
c,7953
a,7954
g,7955
g,7956
c,7957
a,7958
a,7959
g,7960
a,7961
a,7962
t,7963
c,7964
c,7965
t,7966
g,7967
g,7968
c,7969
t,7970
g,7971
t,7972
g,7973
g,7974
a,7975
a,7976
a,7977
g,7978
a,7979
t,7980
a,7981
c,7982
c,7983
t,7984
a,7985
a,7986
a,7987
g,7988
g,7989
a,7990
t,7991
c,7992
a,7993
a,7994
c,7995
a,7996
g,7997
c,7998
t,7999
c,8000
c,8001
t,8002
g,8003
g,8004
g,8005
g,8006
a,8007
t,8008
t,8009
t,8010
g,8011
g,8012
g,8013
g,8014
t,8015
t,8016
g,8017
c,8018
t,8019
c,8020
t,8021
g,8022
g,8023
a,8024
a,8025
a,8026
a,8027
c,8028
t,8029
c,8030
a,8031
t,8032
t,8033
t,8034
g,8035
c,8036
a,8037
c,8038
c,8039
a,8040
c,8041
t,8042
g,8043
c,8044
t,8045
g,8046
t,8047
g,8048
c,8049
c,8050
t,8051
t,8052
g,8053
g,8054
a,8055
a,8056
t,8057
g,8058
c,8059
t,8060
a,8061
g,8062
t,8063
t,8064
g,8065
g,8066
a,8067
g,8068
t,8069
a,8070
a,8071
t,8072
a,8073
a,8074
a,8075
t,8076
c,8077
t,8078
c,8079
t,8080
g,8081
g,8082
a,8083
a,8084
c,8085
a,8086
g,8087
a,8088
t,8089
t,8090
t,8091
g,8092
g,8093
a,8094
a,8095
t,8096
c,8097
a,8098
c,8099
a,8100
c,8101
g,8102
a,8103
c,8104
c,8105
t,8106
g,8107
g,8108
a,8109
t,8110
g,8111
g,8112
a,8113
g,8114
t,8115
g,8116
g,8117
g,8118
a,8119
c,8120
a,8121
g,8122
a,8123
g,8124
a,8125
a,8126
a,8127
t,8128
t,8129
a,8130
a,8131
c,8132
a,8133
a,8134
t,8135
t,8136
a,8137
c,8138
a,8139
c,8140
a,8141
a,8142
g,8143
c,8144
t,8145
t,8146
a,8147
a,8148
t,8149
a,8150
c,8151
a,8152
c,8153
t,8154
c,8155
c,8156
t,8157
t,8158
a,8159
a,8160
t,8161
t,8162
g,8163
a,8164
a,8165
g,8166
a,8167
a,8168
t,8169
c,8170
g,8171
c,8172
a,8173
a,8174
a,8175
a,8176
c,8177
c,8178
a,8179
g,8180
c,8181
a,8182
a,8183
g,8184
a,8185
a,8186
a,8187
a,8188
g,8189
a,8190
a,8191
t,8192
g,8193
a,8194
a,8195
c,8196
a,8197
a,8198
g,8199
a,8200
a,8201
t,8202
t,8203
a,8204
t,8205
t,8206
g,8207
g,8208
a,8209
a,8210
t,8211
t,8212
a,8213
g,8214
a,8215
t,8216
a,8217
a,8218
a,8219
t,8220
g,8221
g,8222
g,8223
c,8224
a,8225
a,8226
g,8227
t,8228
t,8229
t,8230
g,8231
t,8232
g,8233
g,8234
a,8235
a,8236
t,8237
t,8238
g,8239
g,8240
t,8241
t,8242
t,8243
a,8244
a,8245
c,8246
a,8247
t,8248
a,8249
a,8250
c,8251
a,8252
a,8253
a,8254
t,8255
t,8256
g,8257
g,8258
c,8259
t,8260
g,8261
t,8262
g,8263
g,8264
t,8265
a,8266
t,8267
a,8268
t,8269
a,8270
a,8271
a,8272
a,8273
t,8274
t,8275
a,8276
t,8277
t,8278
c,8279
a,8280
t,8281
a,8282
a,8283
t,8284
g,8285
a,8286
t,8287
a,8288
g,8289
t,8290
a,8291
g,8292
g,8293
a,8294
g,8295
g,8296
c,8297
t,8298
t,8299
g,8300
g,8301
t,8302
a,8303
g,8304
g,8305
t,8306
t,8307
t,8308
a,8309
a,8310
g,8311
a,8312
a,8313
t,8314
a,8315
g,8316
t,8317
t,8318
t,8319
t,8320
t,8321
g,8322
c,8323
t,8324
g,8325
t,8326
a,8327
c,8328
t,8329
t,8330
t,8331
c,8332
t,8333
a,8334
t,8335
a,8336
g,8337
t,8338
g,8339
a,8340
a,8341
t,8342
a,8343
g,8344
a,8345
g,8346
t,8347
t,8348
a,8349
g,8350
g,8351
c,8352
a,8353
g,8354
g,8355
g,8356
a,8357
t,8358
a,8359
t,8360
t,8361
c,8362
a,8363
c,8364
c,8365
a,8366
t,8367
t,8368
a,8369
t,8370
c,8371
g,8372
t,8373
t,8374
t,8375
c,8376
a,8377
g,8378
a,8379
c,8380
c,8381
c,8382
a,8383
c,8384
c,8385
t,8386
c,8387
c,8388
c,8389
a,8390
a,8391
c,8392
c,8393
c,8394
c,8395
g,8396
a,8397
g,8398
g,8399
g,8400
g,8401
a,8402
c,8403
c,8404
c,8405
g,8406
a,8407
c,8408
a,8409
g,8410
g,8411
c,8412
c,8413
c,8414
g,8415
a,8416
a,8417
g,8418
g,8419
a,8420
a,8421
t,8422
a,8423
g,8424
a,8425
a,8426
g,8427
a,8428
a,8429
g,8430
a,8431
a,8432
g,8433
g,8434
t,8435
g,8436
g,8437
a,8438
g,8439
a,8440
g,8441
a,8442
g,8443
a,8444
g,8445
a,8446
c,8447
a,8448
g,8449
a,8450
g,8451
a,8452
c,8453
a,8454
g,8455
a,8456
t,8457
c,8458
c,8459
a,8460
t,8461
t,8462
c,8463
g,8464
a,8465
t,8466
t,8467
a,8468
g,8469
t,8470
g,8471
a,8472
a,8473
c,8474
g,8475
g,8476
a,8477
t,8478
c,8479
c,8480
t,8481
t,8482
g,8483
g,8484
c,8485
a,8486
c,8487
t,8488
t,8489
a,8490
t,8491
c,8492
t,8493
g,8494
g,8495
g,8496
a,8497
c,8498
g,8499
a,8500
t,8501
c,8502
t,8503
g,8504
c,8505
g,8506
g,8507
a,8508
g,8509
c,8510
c,8511
t,8512
g,8513
t,8514
g,8515
c,8516
c,8517
t,8518
c,8519
t,8520
t,8521
c,8522
a,8523
g,8524
c,8525
t,8526
a,8527
c,8528
c,8529
a,8530
c,8531
c,8532
g,8533
c,8534
t,8535
t,8536
g,8537
a,8538
g,8539
a,8540
g,8541
a,8542
c,8543
t,8544
t,8545
a,8546
c,8547
t,8548
c,8549
t,8550
t,8551
g,8552
a,8553
t,8554
t,8555
g,8556
t,8557
a,8558
a,8559
c,8560
g,8561
a,8562
g,8563
g,8564
a,8565
t,8566
t,8567
g,8568
t,8569
g,8570
g,8571
a,8572
a,8573
c,8574
t,8575
t,8576
c,8577
t,8578
g,8579
g,8580
g,8581
a,8582
c,8583
g,8584
c,8585
a,8586
g,8587
g,8588
g,8589
g,8590
g,8591
t,8592
g,8593
g,8594
g,8595
a,8596
a,8597
g,8598
c,8599
c,8600
c,8601
t,8602
c,8603
a,8604
a,8605
a,8606
t,8607
a,8608
t,8609
t,8610
g,8611
g,8612
t,8613
g,8614
g,8615
a,8616
a,8617
t,8618
c,8619
t,8620
c,8621
c,8622
t,8623
a,8624
c,8625
a,8626
g,8627
t,8628
a,8629
t,8630
t,8631
g,8632
g,8633
a,8634
g,8635
t,8636
c,8637
a,8638
g,8639
g,8640
a,8641
a,8642
c,8643
t,8644
a,8645
a,8646
a,8647
g,8648
a,8649
a,8650
t,8651
a,8652
g,8653
t,8654
g,8655
c,8656
t,8657
g,8658
t,8659
t,8660
a,8661
g,8662
c,8663
t,8664
t,8665
g,8666
c,8667
t,8668
c,8669
a,8670
a,8671
t,8672
g,8673
c,8674
c,8675
a,8676
c,8677
a,8678
g,8679
c,8680
c,8681
a,8682
t,8683
a,8684
g,8685
c,8686
a,8687
g,8688
t,8689
a,8690
g,8691
c,8692
t,8693
g,8694
a,8695
g,8696
g,8697
g,8698
g,8699
a,8700
c,8701
a,8702
g,8703
a,8704
t,8705
a,8706
g,8707
g,8708
g,8709
t,8710
t,8711
a,8712
t,8713
a,8714
g,8715
a,8716
a,8717
g,8718
t,8719
a,8720
g,8721
t,8722
a,8723
c,8724
a,8725
a,8726
g,8727
g,8728
a,8729
g,8730
c,8731
t,8732
t,8733
g,8734
t,8735
a,8736
g,8737
a,8738
g,8739
c,8740
t,8741
a,8742
t,8743
t,8744
c,8745
g,8746
c,8747
c,8748
a,8749
c,8750
a,8751
t,8752
a,8753
c,8754
c,8755
t,8756
a,8757
g,8758
a,8759
a,8760
g,8761
a,8762
a,8763
t,8764
a,8765
a,8766
g,8767
a,8768
c,8769
a,8770
g,8771
g,8772
g,8773
c,8774
t,8775
t,8776
g,8777
g,8778
a,8779
a,8780
a,8781
g,8782
g,8783
a,8784
t,8785
t,8786
t,8787
t,8788
g,8789
c,8790
t,8791
a,8792
t,8793
a,8794
a,8795
g,8796
a,8797
t,8798
g,8799
g,8800
g,8801
t,8802
g,8803
g,8804
c,8805
a,8806
a,8807
g,8808
t,8809
g,8810
g,8811
t,8812
c,8813
a,8814
a,8815
a,8816
a,8817
a,8818
g,8819
t,8820
a,8821
g,8822
t,8823
g,8824
t,8825
g,8826
a,8827
t,8828
t,8829
g,8830
g,8831
a,8832
t,8833
g,8834
g,8835
c,8836
c,8837
t,8838
a,8839
c,8840
t,8841
g,8842
t,8843
a,8844
a,8845
g,8846
g,8847
g,8848
a,8849
a,8850
a,8851
g,8852
a,8853
a,8854
t,8855
g,8856
a,8857
g,8858
a,8859
c,8860
g,8861
a,8862
g,8863
c,8864
t,8865
g,8866
a,8867
g,8868
c,8869
c,8870
a,8871
g,8872
c,8873
a,8874
g,8875
c,8876
a,8877
g,8878
a,8879
t,8880
a,8881
g,8882
g,8883
g,8884
t,8885
g,8886
g,8887
g,8888
a,8889
g,8890
c,8891
a,8892
g,8893
c,8894
a,8895
t,8896
c,8897
t,8898
c,8899
g,8900
a,8901
g,8902
a,8903
c,8904
c,8905
t,8906
g,8907
g,8908
a,8909
a,8910
a,8911
a,8912
a,8913
c,8914
a,8915
t,8916
g,8917
g,8918
a,8919
g,8920
c,8921
a,8922
a,8923
t,8924
c,8925
a,8926
c,8927
a,8928
a,8929
g,8930
t,8931
a,8932
g,8933
c,8934
a,8935
a,8936
t,8937
a,8938
c,8939
a,8940
g,8941
c,8942
a,8943
g,8944
c,8945
t,8946
a,8947
c,8948
c,8949
a,8950
a,8951
t,8952
g,8953
c,8954
t,8955
g,8956
c,8957
t,8958
t,8959
g,8960
t,8961
g,8962
c,8963
c,8964
t,8965
g,8966
g,8967
c,8968
t,8969
a,8970
g,8971
a,8972
a,8973
g,8974
c,8975
a,8976
c,8977
a,8978
a,8979
g,8980
a,8981
g,8982
g,8983
a,8984
g,8985
g,8986
a,8987
g,8988
g,8989
a,8990
g,8991
g,8992
t,8993
g,8994
g,8995
g,8996
t,8997
t,8998
t,8999
t,9000
c,9001
c,9002
a,9003
g,9004
t,9005
c,9006
a,9007
c,9008
a,9009
c,9010
c,9011
t,9012
c,9013
a,9014
g,9015
g,9016
t,9017
a,9018
c,9019
c,9020
t,9021
t,9022
t,9023
a,9024
a,9025
g,9026
a,9027
c,9028
c,9029
a,9030
a,9031
t,9032
g,9033
a,9034
c,9035
t,9036
t,9037
a,9038
c,9039
a,9040
a,9041
g,9042
g,9043
c,9044
a,9045
g,9046
c,9047
t,9048
g,9049
t,9050
a,9051
g,9052
a,9053
t,9054
c,9055
t,9056
t,9057
a,9058
g,9059
c,9060
c,9061
a,9062
c,9063
t,9064
t,9065
t,9066
t,9067
t,9068
a,9069
a,9070
a,9071
a,9072
g,9073
a,9074
a,9075
a,9076
a,9077
g,9078
g,9079
g,9080
g,9081
g,9082
g,9083
a,9084
c,9085
t,9086
g,9087
g,9088
a,9089
a,9090
g,9091
g,9092
g,9093
c,9094
t,9095
a,9096
a,9097
t,9098
t,9099
c,9100
a,9101
c,9102
t,9103
c,9104
c,9105
c,9106
a,9107
a,9108
a,9109
g,9110
a,9111
a,9112
g,9113
a,9114
c,9115
a,9116
a,9117
g,9118
a,9119
t,9120
a,9121
t,9122
c,9123
c,9124
t,9125
t,9126
g,9127
a,9128
t,9129
c,9130
t,9131
g,9132
t,9133
g,9134
g,9135
a,9136
t,9137
c,9138
t,9139
a,9140
c,9141
c,9142
a,9143
c,9144
a,9145
c,9146
a,9147
c,9148
a,9149
a,9150
g,9151
g,9152
c,9153
t,9154
a,9155
c,9156
t,9157
t,9158
c,9159
c,9160
c,9161
t,9162
g,9163
a,9164
t,9165
t,9166
a,9167
g,9168
c,9169
a,9170
g,9171
a,9172
a,9173
c,9174
t,9175
a,9176
c,9177
a,9178
c,9179
a,9180
c,9181
c,9182
a,9183
g,9184
g,9185
g,9186
c,9187
c,9188
a,9189
g,9190
g,9191
g,9192
g,9193
t,9194
c,9195
a,9196
g,9197
a,9198
t,9199
a,9200
t,9201
c,9202
c,9203
a,9204
c,9205
t,9206
g,9207
a,9208
c,9209
c,9210
t,9211
t,9212
t,9213
g,9214
g,9215
a,9216
t,9217
g,9218
g,9219
t,9220
g,9221
c,9222
t,9223
a,9224
c,9225
a,9226
a,9227
g,9228
c,9229
t,9230
a,9231
g,9232
t,9233
a,9234
c,9235
c,9236
a,9237
g,9238
t,9239
t,9240
g,9241
a,9242
g,9243
c,9244
c,9245
a,9246
g,9247
a,9248
t,9249
a,9250
a,9251
g,9252
a,9253
t,9254
a,9255
g,9256
a,9257
a,9258
g,9259
a,9260
g,9261
g,9262
c,9263
c,9264
a,9265
a,9266
t,9267
a,9268
a,9269
a,9270
g,9271
g,9272
a,9273
g,9274
a,9275
g,9276
a,9277
a,9278
c,9279
a,9280
c,9281
c,9282
a,9283
g,9284
c,9285
t,9286
t,9287
g,9288
t,9289
t,9290
a,9291
c,9292
a,9293
c,9294
c,9295
c,9296
t,9297
g,9298
t,9299
g,9300
a,9301
g,9302
c,9303
c,9304
t,9305
g,9306
c,9307
a,9308
t,9309
g,9310
g,9311
g,9312
a,9313
t,9314
g,9315
g,9316
a,9317
t,9318
g,9319
a,9320
c,9321
c,9322
c,9323
g,9324
g,9325
a,9326
g,9327
a,9328
g,9329
a,9330
g,9331
a,9332
a,9333
g,9334
t,9335
g,9336
t,9337
t,9338
a,9339
g,9340
a,9341
g,9342
t,9343
g,9344
g,9345
a,9346
g,9347
g,9348
t,9349
t,9350
t,9351
g,9352
a,9353
c,9354
a,9355
g,9356
c,9357
c,9358
g,9359
c,9360
c,9361
t,9362
a,9363
g,9364
c,9365
a,9366
t,9367
t,9368
t,9369
c,9370
a,9371
t,9372
c,9373
a,9374
c,9375
g,9376
t,9377
g,9378
g,9379
c,9380
c,9381
c,9382
g,9383
a,9384
g,9385
a,9386
g,9387
c,9388
t,9389
g,9390
c,9391
a,9392
t,9393
c,9394
c,9395
g,9396
g,9397
a,9398
g,9399
t,9400
a,9401
c,9402
t,9403
t,9404
c,9405
a,9406
a,9407
g,9408
a,9409
a,9410
c,9411
t,9412
g,9413
c,9414
t,9415
g,9416
a,9417
c,9418
a,9419
t,9420
c,9421
g,9422
a,9423
g,9424
c,9425
t,9426
t,9427
g,9428
c,9429
t,9430
a,9431
c,9432
a,9433
a,9434
g,9435
g,9436
g,9437
a,9438
c,9439
t,9440
t,9441
t,9442
c,9443
c,9444
g,9445
c,9446
t,9447
g,9448
g,9449
g,9450
g,9451
a,9452
c,9453
t,9454
t,9455
t,9456
c,9457
c,9458
a,9459
g,9460
g,9461
g,9462
a,9463
g,9464
g,9465
c,9466
g,9467
t,9468
g,9469
g,9470
c,9471
c,9472
t,9473
g,9474
g,9475
g,9476
c,9477
g,9478
g,9479
g,9480
a,9481
c,9482
t,9483
g,9484
g,9485
g,9486
g,9487
a,9488
g,9489
t,9490
g,9491
g,9492
c,9493
g,9494
a,9495
g,9496
c,9497
c,9498
c,9499
t,9500
c,9501
a,9502
g,9503
a,9504
t,9505
c,9506
c,9507
t,9508
g,9509
c,9510
a,9511
t,9512
a,9513
t,9514
a,9515
a,9516
g,9517
c,9518
a,9519
g,9520
c,9521
t,9522
g,9523
c,9524
t,9525
t,9526
t,9527
t,9528
t,9529
g,9530
c,9531
c,9532
t,9533
g,9534
t,9535
a,9536
c,9537
t,9538
g,9539
g,9540
g,9541
t,9542
c,9543
t,9544
c,9545
t,9546
c,9547
t,9548
g,9549
g,9550
t,9551
t,9552
a,9553
g,9554
a,9555
c,9556
c,9557
a,9558
g,9559
a,9560
t,9561
c,9562
t,9563
g,9564
a,9565
g,9566
c,9567
c,9568
t,9569
g,9570
g,9571
g,9572
a,9573
g,9574
c,9575
t,9576
c,9577
t,9578
c,9579
t,9580
g,9581
g,9582
c,9583
t,9584
a,9585
a,9586
c,9587
t,9588
a,9589
g,9590
g,9591
g,9592
a,9593
a,9594
c,9595
c,9596
c,9597
a,9598
c,9599
t,9600
g,9601
c,9602
t,9603
t,9604
a,9605
a,9606
g,9607
c,9608
c,9609
t,9610
c,9611
a,9612
a,9613
t,9614
a,9615
a,9616
a,9617
g,9618
c,9619
t,9620
t,9621
g,9622
c,9623
c,9624
t,9625
t,9626
g,9627
a,9628
g,9629
t,9630
g,9631
c,9632
t,9633
t,9634
c,9635
a,9636
a,9637
g,9638
t,9639
a,9640
g,9641
t,9642
g,9643
t,9644
g,9645
t,9646
g,9647
c,9648
c,9649
c,9650
g,9651
t,9652
c,9653
t,9654
g,9655
t,9656
t,9657
g,9658
t,9659
g,9660
t,9661
g,9662
a,9663
c,9664
t,9665
c,9666
t,9667
g,9668
g,9669
t,9670
a,9671
a,9672
c,9673
t,9674
a,9675
g,9676
a,9677
g,9678
a,9679
t,9680
c,9681
c,9682
c,9683
t,9684
c,9685
a,9686
g,9687
a,9688
c,9689
c,9690
c,9691
t,9692
t,9693
t,9694
t,9695
a,9696
g,9697
t,9698
c,9699
a,9700
g,9701
t,9702
g,9703
t,9704
g,9705
g,9706
a,9707
a,9708
a,9709
a,9710
t,9711
c,9712
t,9713
c,9714
t,9715
a,9716
g,9717
c,9718
a,9719
